-- phpMyAdmin SQL Dump
-- version 3.2.4
-- http://www.phpmyadmin.net
--
-- Host: localhost
-- Generation Time: Aug 14, 2012 at 03:08 PM
-- Server version: 5.1.44
-- PHP Version: 5.3.1

SET SQL_MODE="NO_AUTO_VALUE_ON_ZERO";


/*!40101 SET @OLD_CHARACTER_SET_CLIENT=@@CHARACTER_SET_CLIENT */;
/*!40101 SET @OLD_CHARACTER_SET_RESULTS=@@CHARACTER_SET_RESULTS */;
/*!40101 SET @OLD_COLLATION_CONNECTION=@@COLLATION_CONNECTION */;
/*!40101 SET NAMES utf8 */;

--
-- Database: `extended`
--

-- --------------------------------------------------------

--
-- Table structure for table `admissionnotes`
--

CREATE TABLE IF NOT EXISTS `admissionnotes` (
  `noteid` int(11) NOT NULL AUTO_INCREMENT,
  `visitid` int(11) NOT NULL,
  `doctorsid` varchar(255) DEFAULT NULL,
  `note` text NOT NULL,
  `date` date NOT NULL,
  PRIMARY KEY (`noteid`)
) ENGINE=MyISAM DEFAULT CHARSET=latin1 AUTO_INCREMENT=1 ;

--
-- Dumping data for table `admissionnotes`
--


-- --------------------------------------------------------

--
-- Table structure for table `appoint`
--

CREATE TABLE IF NOT EXISTS `appoint` (
  `patientId` varchar(30) DEFAULT NULL,
  `doctorId` varchar(30) DEFAULT NULL,
  `content` varchar(30) DEFAULT NULL,
  `id` int(11) NOT NULL AUTO_INCREMENT,
  PRIMARY KEY (`id`),
  KEY `id` (`id`)
) ENGINE=InnoDB DEFAULT CHARSET=latin1 AUTO_INCREMENT=1 ;

--
-- Dumping data for table `appoint`
--


-- --------------------------------------------------------

--
-- Table structure for table `consultingrooms`
--

CREATE TABLE IF NOT EXISTS `consultingrooms` (
  `consultingroomid` int(11) NOT NULL AUTO_INCREMENT,
  `consultingroom` varchar(200) NOT NULL,
  PRIMARY KEY (`consultingroomid`)
) ENGINE=MyISAM  DEFAULT CHARSET=latin1 AUTO_INCREMENT=4 ;

--
-- Dumping data for table `consultingrooms`
--

INSERT INTO `consultingrooms` (`consultingroomid`, `consultingroom`) VALUES
(1, 'Room 1'),
(2, 'Room 2'),
(3, 'Room 3');

-- --------------------------------------------------------

--
-- Table structure for table `diagnosis`
--

CREATE TABLE IF NOT EXISTS `diagnosis` (
  `id` int(11) NOT NULL AUTO_INCREMENT,
  `diagnosis_code` varchar(100) NOT NULL,
  `diagnosis` varchar(200) NOT NULL,
  PRIMARY KEY (`id`)
) ENGINE=MyISAM  DEFAULT CHARSET=latin1 AUTO_INCREMENT=904 ;

--
-- Dumping data for table `diagnosis`
--

INSERT INTO `diagnosis` (`id`, `diagnosis_code`, `diagnosis`) VALUES
(1, 'O71.9', 'Other obstetric trauma '),
(2, 'O90.9', 'Other Complications of the puerperium'),
(3, 'N85.9', 'Other disorders of the adnexae'),
(4, 'O00.9', 'Ectopic pregnancy '),
(5, 'O08.9', 'Post abortion complications'),
(6, 'D25.9', 'Leiomyoma of uterus '),
(7, 'D27', 'Benign neoplasm of ovary '),
(8, 'N72', 'Inflammatory disease of cervix uteri/vulva '),
(9, 'N80.9', 'Endometriosis '),
(10, 'D26.0', 'Benign lesions of the cervix'),
(11, 'C57.9', 'Premalignant lesions of the vulva'),
(12, 'O35.9', 'Other abnormal products of conception '),
(13, 'O06', 'Abortions'),
(14, 'O02.0', 'Molar pregnancies'),
(15, 'O72.1', 'Postpartum haemorrhage '),
(16, 'N73.9', 'Pelvic Inflammatory diseases'),
(17, 'R10.2', 'Other causes of pelvic pain'),
(18, 'N95.1', 'Menopausal disorders '),
(19, 'O26.9', 'Medical disorders in pregnancy'),
(20, 'O20.0', 'Threatened Abortion'),
(21, 'O21.0', 'Excessive vomiting in pregnancy '),
(22, 'O22.8', 'Venous complications in pregnancy '),
(23, 'O86.2', 'Genitourinary tract infection in pregnancy'),
(24, 'O24.4', 'Diabetes in pregnancy '),
(25, 'O25', 'Malnutrition in pregnancy '),
(26, 'O30.9', 'Multiple gestation '),
(27, 'O74.9', 'Complications of anaesthesia during labour and delivery '),
(28, 'O85', 'Puerperal sepsis '),
(29, 'O88.5', 'Obstetric embolism '),
(30, 'O29.9', 'Complications of anaesthesia during the puerperium '),
(31, 'O92.7', 'Disorders of the breast and lactation associated with delivery'),
(32, 'D26.9', 'Other benign neoplasms of uterus '),
(33, 'N75.9', 'Diseases of Bartholin|s gland '),
(34, 'N80.9', 'Endometriosis '),
(35, 'N75.9', 'Diseases of Bartholin|s gland '),
(36, 'N75.9', 'Diseases of Bartholin|s gland '),
(37, 'N89.9', 'Other disorders of the vagina'),
(38, 'N90.9', 'Other disorders of the vulva'),
(39, 'O71.9', 'Other obstetric trauma '),
(40, 'O90.9', 'Other Complications of the puerperium'),
(41, 'O92.7', 'Disorders of the breast and lactation associated with delivery'),
(42, 'N81.9', 'Female genital prolapse '),
(43, 'N81.1', 'Cystocele'),
(44, 'N81.6', 'Rectocele'),
(45, 'N80.9', 'Endometriosis '),
(46, 'N81.9', 'Female genital prolapse '),
(47, 'D25.9', 'Leiomyoma of uterus '),
(48, 'D26.9', 'Other benign neoplasms of uterus '),
(49, 'N81.5', 'Enterocele'),
(50, 'N81.9', 'Female genital prolapse '),
(51, 'N81.9', 'Female genital prolapse '),
(52, 'N82.0', 'Vesico-vaginal Fistulae '),
(53, 'N82.3', 'Recto-vaginal Fistulae '),
(54, 'N80.9', 'Endometriosis '),
(55, 'N81.9', 'Female genital prolapse '),
(56, 'C53.9', 'Premalignant lesions of the cervix'),
(57, 'D25.9', 'Leiomyoma of uterus '),
(58, 'D26.9', 'Other benign neoplasms of uterus '),
(59, 'C53.9', 'Malignant neoplasm of cervix uteri '),
(60, 'O71.5', '3rd & 4th degree Perineal laceration '),
(61, 'O71.9', 'Other obstetric trauma '),
(62, 'O72.1', 'Postpartum haemorrhage '),
(63, 'O90.9', 'Other Complications of the puerperium'),
(64, 'O82.2', 'Vaginal hysterectomy'),
(65, 'N81.6', 'Rectocele repair'),
(66, 'N81.1', 'Cystocele repair'),
(67, 'C53.6', 'Premalignant lesions of the cervix'),
(68, 'N93.9', 'Abnormal uterine and vaginal bleeding '),
(69, 'C52', 'Premalignant lesions of the vagina.'),
(70, 'D36.9', 'Polyps '),
(71, 'D36.9', 'Polyps '),
(72, 'N93.9', 'Abnormal uterine and vaginal bleeding '),
(73, 'C27.9', 'Premalignant lesions of the vulva'),
(74, 'O24.9', 'Diabetes in pregnancy '),
(75, 'O26.9', 'Medical disorders in pregnancy'),
(76, 'P20', 'Fetal stress, delayed 2nd stage'),
(77, 'O26.9', 'Other disorders related to pregnancy '),
(78, 'P95', 'Intra Uterine Fetal Death'),
(79, 'O26.9', 'Medical disorders in pregnancy'),
(80, 'O24.9', 'Diabetes in pregnancy '),
(81, 'O30.9', 'Multiple gestation '),
(82, 'O32.9', 'Malpresentation of fetus '),
(83, 'O33.9', 'Disproportion '),
(84, 'O61.9', 'Failed induction of labour '),
(85, 'O62.9', 'Dysfunctional Labour'),
(86, 'O66.9', 'Obstructed labour '),
(87, 'O67.9', 'Intrapartum haemorrhage'),
(88, 'P20', 'Fetal stress'),
(89, 'O80.9', 'Normal pregnancy'),
(90, 'O75.6', 'Normal pregnancy with delayed 2nd stage'),
(91, 'N88.3', 'Cervical incompetence '),
(92, 'D25.9', 'Leiomyoma of uterus '),
(93, 'D26.9', 'Other benign neoplasms of uterus '),
(94, 'O80.9', 'Delivery'),
(95, 'O67.9', 'Genital tract bleeding after delivery'),
(96, 'G04.0', 'Simple goitre'),
(97, 'E05.0', 'Toxic Goitre'),
(98, 'D44.0', 'Thyroid tumours'),
(99, 'D35.1', 'Parathyroid adenoma'),
(100, 'J98.4', 'Broncho-pulmonary lesions'),
(101, 'J90', 'Pleural effusion'),
(102, 'J93.9', 'Pneumothorax'),
(103, 'J94.2', 'Haemopneumothorax'),
(104, 'J90', 'Chronic Pleural effusion'),
(105, 'J90', 'Recurent Pleural effusion'),
(106, 'K44.9', 'Diaphragrmatic hernia'),
(107, 'K22.5', 'Esophageal diverticulum'),
(108, 'K22.2', 'Esophageal stenosis'),
(109, 'K37.7', 'Esophageal tumour'),
(110, 'K22.0', 'Achalasia'),
(111, 'K22.3', 'Esophageal rupture'),
(112, 'K44.9', 'Hiatus hernia'),
(113, 'R22.1', 'Neck swellings excluding thyroid gland'),
(114, 'Q89.2', 'Thyroglossal Cyst'),
(115, 'D11.9', 'Salivary gland mass'),
(116, 'D73.5', 'Splenic infarct'),
(117, 'D73.3', 'Splenic abscess'),
(118, 'S36.0', 'Traumatic spleen'),
(119, 'D37.7', 'Splenic tumour'),
(120, 'None', 'Nezer Diagnosis 1'),
(121, 'D73.4', 'Splenic cyst'),
(122, 'None', 'Nezer Diagnosis 1'),
(123, 'None', 'Nezer Diagnosis 1'),
(124, 'D41.0', 'Kidney tumour'),
(125, 'D44.1', 'Adrenal tumour'),
(126, 'D30.0', 'Kidney masses'),
(127, 'K25.9', 'Gastric ulcer'),
(128, 'D37.1', 'Gastric tumour'),
(129, 'K31.7', 'Gastric polyp'),
(130, 'K92.2', 'Upper gastrointestinal bleeding'),
(131, 'K26.9', 'Duodenal ulcer'),
(132, 'K31.1', 'Gastric outlet obstruction'),
(133, 'K25.5', 'Perforation of gastric ulcer'),
(134, 'K26.5', 'Perforation of duodenal ulcer'),
(135, 'T14.0', 'Traumatic perforation'),
(136, 'K35.0', 'Ruptured appendix'),
(137, 'K65.9', 'Peritonitis'),
(138, 'K63.9', 'Inflammatory bowel disease'),
(139, 'K37.7', 'Appendicitis'),
(140, 'I85.0', 'Bleeding Esophageal varices'),
(141, 'I85.9', 'Oesophageal varices'),
(142, 'K56.1', 'Intussusception'),
(143, 'K56.6', 'Intestinal obstruction'),
(144, 'D37.7', 'Intestinal tumour'),
(145, 'I82.9', 'Venous thrombosis'),
(146, 'K92.2', 'Intestinal bleeding'),
(147, 'K63.9', 'Colon lesion '),
(148, 'K56.1', 'Intussusception'),
(149, 'Q43.8', 'Volvulus'),
(150, 'K62.3', 'Prolaps rectum'),
(151, 'K92.2', 'Large Bowel haemorrhage'),
(152, 'S36.5', 'Large bowel trauma'),
(153, 'K63.9', 'Colonic lesion'),
(154, 'K63.9', 'Small bowel lesion'),
(155, 'D37.5', 'Rectal tumour'),
(156, 'N13.3', 'Hydronephrosis or obstructed kidney'),
(157, 'K60.3', 'Anal fistula'),
(158, 'K61.0', 'Anal/Rectal abscess'),
(159, 'K60.2', 'Anal fissure'),
(160, 'D23.9', 'Pilonidal disease'),
(161, 'I84.9', 'Haemorrhoids'),
(162, 'K62.3', 'Prolapsed rectum'),
(163, 'A06.4', 'Amoebic liver abscess/Pyogenic liver abscess'),
(164, 'K80.2', 'Cholelithiasis'),
(165, 'K81.0', 'Empyema of gallbladder'),
(166, 'K83.1', 'Obstruction of bile duct'),
(167, 'S36.1', 'Bile duct trauma'),
(168, 'K83.1', 'obstuctive Jaundice'),
(169, 'K86.3', 'Pancreatic pseudocyst'),
(170, 'D37.7', 'Pancreatic tumour'),
(171, 'K86.2', 'Pancreatic cyst'),
(172, 'K46.9', 'Mesenteric hernia'),
(173, 'K46.9', 'Omental hernia'),
(174, 'K40.9', 'Inguinal hernia'),
(175, 'K43.9', 'Spigelian hernia'),
(176, 'K41.9', 'Femoral hernia'),
(177, 'K42.9', 'Umbilical hernia'),
(178, 'K43.9', 'Incisional hernia'),
(179, 'K43.9', 'Epigastric hernia'),
(180, 'N34.0', 'Urethral abscess'),
(181, 'N36.0', 'Urethral fistula'),
(182, 'N36.1', 'Urethral diverticulum'),
(183, 'N40', 'Bening prostatic hypertrophy'),
(184, 'N35.9', 'Urethral stricture'),
(185, 'N43.3', 'Hydrocele'),
(186, 'N44', 'Torsion of testis'),
(187, 'I86.1', 'Varicocele'),
(188, 'None', 'Nezer Diagnosis 1'),
(189, 'C50.9', 'Malignant breast lesion'),
(190, 'I73.9', 'Claudication'),
(191, 'I74.9', 'Embolism'),
(192, 'I71.9', 'Aorta aneurysm'),
(193, 'I72.4', 'Femoral aneurysm'),
(194, 'I83.9', 'Varicose veins'),
(195, 'I83.0', 'Venous ulcer'),
(196, 'E14.5', 'Diabetic foot'),
(197, 'R02', 'Gangrene'),
(198, 'T89.0', 'Elephantiasis'),
(199, 'D48.7', 'Limb tumours'),
(200, 'T14.9', 'Trauma'),
(201, 'None', 'Nezer Diagnosis 1'),
(202, 'N47', 'Phimosis'),
(203, 'N47', 'Paraphimosis'),
(204, 'K80.5', 'Calculus'),
(205, 'B65.9', 'Schistosoma Granuloma'),
(206, 'None', 'Nezer Diagnosis 1'),
(207, 'N32.9', 'Bladder mass'),
(208, 'T14.9', 'Trauma'),
(209, 'S02.9', 'Fractured skull'),
(210, 'I61.9', 'Intracranial haematoma '),
(211, 'D43.2', 'Excision biopsy of brain tumour'),
(212, 'G06.0', 'Intracranial abscess'),
(213, 'M67.4', 'Ganglion'),
(214, 'L72.1', 'Sebaceous cyst'),
(215, 'D23.9', 'Dermoid cyst'),
(216, 'P22.9', 'Other soft tissue lumps'),
(217, 'T14.1', 'Lacerations'),
(218, 'N63', 'Benign breast lumps'),
(219, 'N62', 'Gynaecomastia'),
(220, 'Q89.2', 'Thyroglossal Cyst'),
(221, 'L03.9', 'Cellulitis'),
(222, 'M60.0', 'Pyomyositis'),
(223, 'L02.9', 'Abscess'),
(224, 'T79.3', 'Wound infection'),
(225, 'N61', 'Breast abscess'),
(226, 'L43.3', 'Colostomy and ileostomy'),
(227, 'I85.9', 'Oesophageal varices'),
(228, 'K76.6', 'Portal hypertension'),
(229, 'K00.1', 'Supernumerary Teeth'),
(230, 'K00.6', 'Retained Primary Teeth'),
(231, 'K01.0', 'Embedded/Impaced Teeth (with symptoms)'),
(232, 'K05.1', 'Gingivitis/Periodontal Diseases'),
(233, 'K07.3', 'Anomalies of tooth position'),
(234, 'K04.7', 'Periapical abscess'),
(235, 'K01.0', '(a)   Embedded/Impacted Tooth '),
(236, 'K08.3', '(b)    Retained dental root'),
(237, 'K02.9', 'Dental caries'),
(238, 'K03.1', '(a)   Abrasion of Teeth'),
(239, 'K02.9', '(b)   Dental caries'),
(240, 'K03.1', '(a)   Abrasion of Teeth'),
(241, 'K02.9', '(b)   Dental caries'),
(242, 'K05.6', 'Periodontal Disease'),
(243, 'K05.1', '(a)   Gingivitis'),
(244, 'K06.1', '(b)   Gingival enlargement'),
(245, 'K04.0', '(a)   Pulpitis'),
(246, 'K04.7', '(b)   Periapical abscess'),
(247, 'K04.8', '(c)   Radicular cyst'),
(248, 'K04.8', '(a)   Radicular cyst'),
(249, 'K04.7', '(a)   Periapical abscess'),
(250, 'K05.6', '(b)   Periodontal abscess'),
(251, 'l03.9', '(c)   Cellulitis'),
(252, 'None', 'Nezer Diagnosis 1'),
(253, 'K10.3', '(b)   Fibrous Dysplasia'),
(254, 'K10.3', '(a)   Alveolitis'),
(255, 'K10.3', '(b)   Dry Socket'),
(256, 'K10.2', '(c)   Osteitis/osteomyelitis'),
(257, 'K11.5', '(a)   Sialolithiasis'),
(258, 'K11.2', '(a)   Sialoadenitis'),
(259, 'K11.6', '(b)   Mucocoele'),
(260, 'D11.9', '(c)   Tumor of Salivary glands'),
(261, 'S03.2', '(a) Avulsion of teeth'),
(262, 'S01.5', '(b) Laceration of lips'),
(263, 'S01.5', '©  Laceration of tongue'),
(264, 'S01.8', '(d) Laceration of face'),
(265, 'S01.0', '(e) Laceration of scalp'),
(266, 'T14.1', '(a)   Incision and Drainage of abscess'),
(267, 'T14.1', '(b)   Lacerations of lips, face, scalp'),
(268, 'Q38.1', 'Tongue tie'),
(269, 'D48.0', 'Tumour of facial bones and soft tissues'),
(270, 'D148.0', 'Advanced Tumour of facial bones and soft tissues'),
(271, 'S02.9', 'Fracture of facial bones (no displacement)'),
(272, 'S02.7', 'Fracture of facial bones (displacement)'),
(273, 'None', 'Nezer Diagnosis 1'),
(274, 'S03.0', 'Dislocation of Jaw/Tooth'),
(275, 'None', 'Nezer Diagnosis 1'),
(276, 'None', 'Nezer Diagnosis 1'),
(277, 'Q18.1', 'Infected Preauricular cyst'),
(278, 'Q18.1', 'Preauricular sinus'),
(279, 'J33.9', 'Nasal polyposis'),
(280, 'None', 'Nezer Diagnosis 1'),
(281, 'C09.9', 'Neoplasm of tonsil'),
(282, 'S09.9', 'Trauma to auricle,'),
(283, 'S09.9', 'Trauma to ext canal,'),
(284, 'H61.3', 'Acquired stenosis of ext canal'),
(285, 'H66.3', 'Chronic suppurative'),
(286, 'H66.3', 'Otitis media'),
(287, 'None', 'Nezer Diagnosis 1'),
(288, 'None', 'Nezer Diagnosis 1'),
(289, 'H66.3', 'Chronic suppurative otitis media'),
(290, 'H66.3', 'Chronic suppurative otitis media'),
(291, 'H74.4', 'Polyp of middle ear'),
(292, 'H80.9', 'Otosclerosis'),
(293, 'H81.0', 'Menieres disease'),
(294, 'Q17.3', 'Congenital malformation of ear'),
(295, 'H70.9', 'Mastoiditis'),
(296, 'H71', 'Cholesteatoma'),
(297, 'H66.3', 'Chronic suppurative otitis media'),
(298, 'H70.9', 'Infected mastoid cavity'),
(299, 'J32.9', 'Chronic sinusitis'),
(300, 'None', 'Nezer Diagnosis 1'),
(301, 'J32.0', 'Maxillary sinusitis'),
(302, 'J32.9', 'Chronic sinusitis'),
(303, 'J32.0', 'Maxillary sinusitis'),
(304, 'J32.9', 'Chronic sinusitis'),
(305, 'J32.2', 'Ethmoid sinusitis'),
(306, 'J32.9', 'Chronic sinusitis'),
(307, 'G47.3', 'Obstructive sleep apnoea'),
(308, 'J03.9', 'Recurrent tonsillitis'),
(309, 'J35.0', 'Chronic tonsillitis'),
(310, 'D37.0', 'Parotid tumour'),
(311, 'K11.5', 'Sialolithiasis of submandibular gland'),
(312, 'C07', 'Malignant mass of parotid'),
(313, 'K11.1', 'Enlarged submandiblar gland '),
(314, 'C32.9', 'Malignant mass of larynx'),
(315, 'D10.5', 'Oropharyngeal mass'),
(316, 'D10.6', 'Nasopharyngeal mass'),
(317, 'R22.1', 'Metastatic neck lump'),
(318, 'D38.0', 'Laryngeal tumour'),
(319, 'G52.2', 'Lesion in the larynx'),
(320, 'T78.3', 'Reinkes| oedema'),
(321, 'R49.0', 'Hoarsenes of voice'),
(322, 'D37.0', 'Mass in the oropharynx'),
(323, 'None', 'Nezer Diagnosis 1'),
(324, 'Q38.7', 'Pharyngeal pouch'),
(325, 'T16', 'Foreign body in the ear, nose, throat'),
(326, 'K20', 'Septal abscess of ear, nose, throat'),
(327, 'S02.2', 'Fractured Nasal bone'),
(328, 'J34.2', 'Deviated nasal septum'),
(329, 'J34.8', 'Nasal obstruction'),
(330, 'M95.0', 'Deformed external nose'),
(331, 'J34.8', 'Nasal obstruction due to turbinate hypertrophy'),
(332, 'Q30.0', 'Choanal atresia'),
(333, 'N94.8', 'Life threatening epistaxis'),
(334, 'S09.9', 'Traumatic injury to pharynx'),
(335, 'S01.3', 'Lacerated ear'),
(336, 'Q89.2', 'Throglossal  cyst '),
(337, 'R22.1', 'Neck lumps'),
(338, 'L72.1', 'Sebcious cysts'),
(339, 'H93.3', 'Lesion external ear'),
(340, 'None', 'Nezer Diagnosis 1'),
(341, 'R04.0', 'Epistaxis'),
(342, 'R42', 'Recurrent vertigo'),
(343, 'H91.9', 'Paediatric hearing loss'),
(344, 'J32.9', 'Chronic sinusitis'),
(345, 'J34.8', 'Diseases of nose and paranasal sinuses'),
(346, 'Q38.7', 'Phayrngeal pouch'),
(347, 'J38.7', 'Diseases of larynx'),
(348, 'J39.2', 'Diseases of pharynx'),
(349, 'J32.9', 'Rhinosinusitis'),
(350, 'E00.9', 'Congenital Hypothyroidism'),
(351, 'E03.9', 'Acquired Hypothyroidism'),
(352, 'E05.9', 'Hyperthyroidism'),
(353, 'E61.8', 'Iodine Deficiency Disorder'),
(354, 'E04.9', 'Goitre'),
(355, 'E14', 'Newly diagnosed diabetes'),
(356, 'E10', 'Uncontrolled blood glucose'),
(357, 'E14.0', 'Diabetes with complications'),
(358, 'E14.1', 'Diabetes ketoacidosis'),
(359, 'E87.0', 'Hyper Osmolar nonketotic hyperglycaemia'),
(360, 'E23.2', 'Diabetic insipidus'),
(361, 'E21.3', 'Hyperparathyroidism'),
(362, 'E27.4', 'Adrenocortical insufficiency'),
(363, 'E25.0', 'Congenital Adrenal hyperplasia'),
(364, 'E43', 'Protein Calorie Malnutrition'),
(365, 'E55.9', 'Vitamin D deficiency'),
(366, 'D50.9', 'Iron deficiency'),
(367, 'D51.9', 'Other deficiencies: Vit B12, folate'),
(368, 'D58.9', 'Haemolytic Anaemia'),
(369, 'Q24.9', 'Acyanotic Congenital Heart Disease'),
(370, 'Q24.9', 'Cyanotic Congenital Health Disease'),
(371, 'I00', 'Acute Rheumatic fever'),
(372, 'I38', 'Valvular heart disease'),
(373, 'I42.9', 'Cardiomyopathy'),
(374, 'I31.3', 'Pericardial effusion'),
(375, 'I50.9', 'Cardiac failure'),
(376, 'I51.4', 'Myocarditis'),
(377, 'I31.9', 'Pericarditis'),
(378, 'J68.0', 'Chemical Pneumonitis'),
(379, 'T54.3', 'Casutic soda ingestion'),
(380, 'T52.0', 'Kerosene ingestion'),
(381, 'T50.9', 'Drug poisoning'),
(382, 'E14.0', 'Diabetic Coma'),
(383, 'G03.9', 'Meningitis/Encephalitis with Coma'),
(384, 'E15', 'Drug Coma'),
(385, 'R40.2', 'Alcoholic Coma'),
(386, 'I64', 'Cerebrovascular accident with coma'),
(387, 'E14.0', 'Hypoglycaemic coma'),
(388, 'D57', 'Encephalopathy'),
(389, 'K72.9', 'Hepatic coma'),
(390, 'N19', 'Uraemic coma'),
(391, 'G61.0', 'Gullain Barre Syndrome'),
(392, 'G37.3', 'Transverse myelitis'),
(393, 'G82.2', 'Paraplegia'),
(394, 'G82.5', 'Tetraplegia'),
(395, 'G41.9', 'Uncontrolled/Status epilepticus'),
(396, 'R56.8', 'Other causes of convulsions'),
(397, 'G41.9', 'TRANSIENT ISCHAEMIC ATTACK (TIA)'),
(398, 'R55', 'Syncope'),
(399, 'R40.2', 'Other causes of loss of Consciousness'),
(400, 'R55', 'Collapse'),
(401, 'I64', 'Cerebrovascular accident (CVA)'),
(402, 'G80.9', 'CEREBRAL PALSY'),
(403, 'D61.9', 'Bone marrow hypoplasia'),
(404, 'D57.1', 'Haemoglobinopathy with crisis'),
(405, 'D65', 'Disseminated Intravascular coagulopathy (DIC)'),
(406, 'P53', 'Haemorrhagic disease of the new born'),
(407, 'D66', 'Haemophilia'),
(408, 'D68.9', 'Other Clotting disorders'),
(409, 'L30.9', 'Severe Eczema'),
(410, 'L51.1', 'Steven-Johnson syndrome'),
(411, 'L23.9', 'Other allergic skin conditions'),
(412, 'T30.0', 'Burns'),
(413, 'N00', 'Acute Nephritic syndrome'),
(414, 'N04', 'Nephrotic syndrome'),
(415, 'N17.9', 'Acute renal failure'),
(416, 'N18.9', 'Acute-on-chronic renal failure'),
(417, 'N17.9', 'Acute renal failure'),
(418, 'N17.9', 'Acute renal failure complicating any condition'),
(419, 'I45.9', 'Asthma'),
(420, 'I21.9', 'Bronchiolitis'),
(421, 'J44.9', 'Chronic obstructive airway disease'),
(422, 'A09', 'Gastroenteritis/Dysentry'),
(423, 'T62.9', 'Food poisoning'),
(424, 'K73.9', 'Chronic Hepatitis'),
(425, 'C22.0', 'Hepatoma'),
(426, 'K74.9', 'Cirrhosis'),
(427, 'K92.2', 'All cause of GI bleeding - upper GI'),
(428, 'K92.2', 'Intestinal bleeding'),
(429, 'K92.2', 'Large bowel bleeding'),
(430, 'K27.9', 'Peptic Ulcer'),
(431, 'R10.4', 'Abdominal pain'),
(432, 'R57.0', 'Cardiogenic Shock'),
(433, 'R58', 'Haemorrhagic shock'),
(434, 'I33.0', 'Acute Infective endocarditis'),
(435, 'N12', 'Pyelonephritis'),
(436, 'G04.9', 'Encephalitis'),
(437, 'J18.9', 'Severe pneumonia'),
(438, 'J47', 'Bronchiectasis'),
(439, 'G03.9', 'Meningitis'),
(440, 'M86.1', 'Acute Osteomyelitis'),
(441, 'M00.9', 'Acute Septic Arthritis'),
(442, 'L03.9', 'Cellulitis'),
(443, 'N39.0', 'Urinary Tract Infection'),
(444, 'J40', 'Bronchitis'),
(445, 'J32.9', 'Sinusitis'),
(446, 'H66.9', 'Acute Otitis media'),
(447, 'J02.9', 'Pharyngitis'),
(448, 'J18.9', 'Mild-Moderate Pneumonia'),
(449, 'J98.8', 'Chest Infection'),
(450, 'L01.0', 'Impetigo'),
(451, 'P38', 'Cord sepsis'),
(452, 'I10', 'Hypertension Urgency'),
(453, 'I10', 'Malignant hypertension'),
(454, 'I20.9', 'Angina'),
(455, 'I21.9', 'Myocardial infarction'),
(456, 'I20.0', 'Unstable Angina'),
(457, 'I26.9', 'Pulmonary embolism'),
(458, 'I82.9', 'Venous thrombosis'),
(459, 'L98.4', 'Chronic Skin Ulcer'),
(460, 'T63.0', 'Snake bite'),
(461, 'W54', 'Dog bite'),
(462, 'W53', 'Rat bite'),
(463, 'None', 'Nezer Diagnosis 1'),
(464, 'H05.2', 'Disorganised eye'),
(465, 'H57.1', 'Painful blind eye'),
(466, 'H44.0', 'Endophthalmitis  '),
(467, 'S05.3', 'Ruptured globe '),
(468, 'H15.8', 'Staphyloma'),
(469, 'None', 'Nezer Diagnosis 1'),
(470, 'T15.0', 'Superficial Corneal foreign body'),
(471, 'None', 'Nezer Diagnosis 1'),
(472, 'T15.0', 'Deep corneal foreign body'),
(473, 'H44.7', 'Intra ocular foreign body'),
(474, 'S05.4', 'Intraorbital foreign body'),
(475, 'S01.1', 'Eye lid laceration'),
(476, 'None', 'Nezer Diagnosis 1'),
(477, 'H16.2', 'Keratoconjunctivitis'),
(478, 'H02.1', 'Ectropion'),
(479, 'H02.0', 'Entropion'),
(480, 'Q10.0', 'Congenital blepharoptosis'),
(481, 'H11.0', 'Pterygium '),
(482, 'None', 'Nezer Diagnosis 1'),
(483, 'S05.3', 'Corneal and scleral lacerations'),
(484, 'H21.0', 'Hyphaema '),
(485, 'H40.9', 'All types of glaucoma'),
(486, 'H26.9', 'All types of cataract'),
(487, 'H50.9', 'All strabismus'),
(488, 'H00.0', 'Chalazion '),
(489, 'H16.2', 'Keratoconjunctivitis'),
(490, 'H02.1', 'Ectropion'),
(491, 'H02.0', 'Entropion'),
(492, 'Q10.0', 'Congenital blepharoptosis'),
(493, 'H04.5', 'Nasolacrimal drainage blockage'),
(494, 'H05.0', 'Orbital abscess'),
(495, 'H00.0', 'Eyelid abscess'),
(496, 'None', 'Nezer Diagnosis 1'),
(497, 'None', 'Nezer Diagnosis 1'),
(498, 'None', 'Nezer Diagnosis 1'),
(499, 'M65.9', 'Synovitis'),
(500, 'M00.9', 'Pyoarthrosis'),
(501, 'M11.9', 'Crystal arthropathy'),
(502, 'M19.9', 'Osteo-arthrosis'),
(503, 'M13.9', 'Inflammed Arthropathy'),
(504, 'M12.5', 'Traumatic Arthropathy'),
(505, 'M65.9', 'Tenovaginitis'),
(506, 'M00.9', 'Pyo-arthrosis'),
(507, 'M12.9', 'Traumatic arthropathy'),
(508, 'M13.9', 'Inflammatory arthropathy'),
(509, 'M19.9', 'Osteo-arthrosis'),
(510, 'M23.9', 'Internal derangement of knee'),
(511, 'M19.9', 'Osteo-arthrosis'),
(512, 'M01.1', 'TB arthropathy'),
(513, 'M06.9', 'Rheumatoid arthritis'),
(514, 'M20.4', 'Hammertoes'),
(515, 'None', 'Nezer Diagnosis 1'),
(516, 'M84.1', 'Non-union of fractures'),
(517, 'M95.9', 'Congenital deformity of long bone'),
(518, 'M95.9', 'Acquired deformity of long bone'),
(519, 'Q68.8', 'Congenital deformity of joint'),
(520, '', 'Sickle cell osteopathy'),
(521, 'M19.9', 'Osteoarthrosis'),
(522, 'S72.0', 'Intra capsular fracture neck of femur'),
(523, 'T14.1', 'Lacerations'),
(524, 'L08.9', 'Hand infections'),
(525, 'T14.1', 'Open fractures'),
(526, 'T14.3', 'Open dislocations'),
(527, 'M06.9', 'Rheumatoid arthritis'),
(528, 'M65.9', 'Synovitis'),
(529, 'M24.5', 'Contracture of joints eg. Hammertoes'),
(530, 'M62.4', 'Contracture of muscle'),
(531, 'M24.5', 'Contracture of tendons eg. Club foot'),
(532, 'M65.3', 'Trigger digits'),
(533, 'M06.9', 'Rheumatoid arthritis'),
(534, 'G57.5', 'Tunnel syndromes'),
(535, 'T14.1', 'Tendon rupture (Truamatic or inflammatory)'),
(536, 'T79.6', 'Compartment syndrome'),
(537, 'T14.1', 'Open fractures'),
(538, 'T14.0', 'Closed fractures'),
(539, 'T30.0', 'Burns'),
(540, 'L08.9', 'Hand infections'),
(541, 'T14.9', 'Crush injury'),
(542, 'M86.6', 'Chronic osteomyelitis'),
(543, 'M86.6', 'Brodies abscess'),
(544, 'A18.0', 'Tuberculous osteitis/TB arthirtis'),
(545, 'B99', 'Infected implant'),
(546, 'M86.1', 'Acute osteomyelitis'),
(547, 'R02', 'Gangrenous limb'),
(548, 'C41.9', 'Malignancy of limb - osteosarcoma'),
(549, 'R02', 'Gas gangrene of limb'),
(550, 'C49.2', 'Liposarcoma of limb'),
(551, 'Q74.9', 'Congenital anomaly of limb'),
(552, 'T14.9', 'Crushed limb'),
(553, 'T14.3', 'Sprains of muscle'),
(554, 'T14.0', 'Contusions'),
(555, 'T14.3', 'Strains of muscle, ligaments and tendons'),
(556, 'T14.0', 'Abrasions '),
(557, 'T14.1', 'Wounds, skin burns'),
(558, 'T14.1', 'Minor lacerations'),
(559, 'S60.9', 'Traumatic, nail injuries'),
(560, 'L60.0', 'Ingrowing toe nails'),
(561, 'L03.0', 'Infected nails (paronychia)'),
(562, 'S73.0', 'Dislocations of hip'),
(563, 'S72.9', 'Fractures of femur'),
(564, 'Q68.8', 'Congenital dislocations'),
(565, 'T14.2', 'Closed fractures'),
(566, 'T02.9', 'Multiple fractures'),
(567, 'T14.2', 'Open fractures'),
(568, 'S32.7', 'Pelvic fractures'),
(569, 'M21.7', 'Leg length inequality'),
(570, 'M80.8', 'Pathological fractures due to infection'),
(571, 'S72.9', 'Shaft femur'),
(572, 'S42.4', 'Supracondylar humeral fractures'),
(573, 'S73.0', 'Hip (+ Steinman pin)'),
(574, 'S62.6', 'Digital fractures'),
(575, 'C41.9', 'Segmental bone loss (trauma, infection, tumour of bone)'),
(576, 'S42.3', 'Humeral fracture'),
(577, 'M93.9', 'Slipped epiphysis'),
(578, 'M67.4', 'Ganglion'),
(579, 'D36.1', 'Neuroma'),
(580, 'R22.9', 'Nodules'),
(581, 'T14.2', 'Fractures'),
(582, 'None', 'Nezer Diagnosis 1'),
(583, 'S52.2', 'Shaft Fractures'),
(584, 'M84.1', 'Non-union diaphyseal fracture'),
(585, 'M84.4', 'Pathological diaphyseal fracture'),
(586, 'S02.8', 'Fracture patella'),
(587, 'S52.0', 'Fracture olecranoni'),
(588, 'T14.2', 'Closed fractures'),
(589, 'T14.3', 'Joint dislocation'),
(590, 'T14.2', 'Fracture - dislocation of joint'),
(591, 'L02.9', '1. Soft tissue abscess'),
(592, 'M60.0', '2. Pyomyositis'),
(593, 'T14.0', '3. Haematoma'),
(594, 'D16.9', '1. Osteoma '),
(595, 'D16.9', '2. Osteochondroma'),
(596, 'M61.5', '3. Myositis Ossificans'),
(597, 'P13.9', '4. Post skeletal trauma'),
(598, 'D16.9', '5. Bone tumour'),
(599, 'S43.0', '1. Dislocated joints (shoulder, elbow, wrist,'),
(600, 'None', 'Nezer Diagnosis 1'),
(601, 'S73.0', '2. Dislocated hip, knee, ankle and inter-tarsal joints'),
(602, 'None', 'Nezer Diagnosis 1'),
(603, 'S42.3', '    Humerus, (DCP)'),
(604, 'S52.8', 'Radius (DCP)'),
(605, 'S52.2', 'Ultra (DCP)'),
(606, 'S72.0', 'Hip'),
(607, 'S72.9', '    Femur - DCP, K - nail'),
(608, 'S82.1', 'Condyles - screws'),
(609, 'S82.2', 'Tibia - DCP'),
(610, 'None', 'Nezer Diagnosis 1'),
(611, 'M84.0', '4. Malunion'),
(612, 'E03.1', 'Congenital Hypothyroidism'),
(613, 'E03.9', 'Acquired Hypothyroidism'),
(614, 'E05.9', 'Hyperthyroidism'),
(615, 'E61.8', 'Iodine Deficiency Disorder'),
(616, 'E04.9', 'Goitre'),
(617, 'E14', 'Newly diagnosed diabetes'),
(618, 'E10', 'Uncontrolled blood glucose'),
(619, 'E14.0', 'Diabetes with complications'),
(620, 'E14.1', 'Diabetes ketoacidosis'),
(621, 'E87.0', 'Hyper Osmolar nonketotic hyperglycaemia'),
(622, 'E23.2', 'Diabetic insipidus'),
(623, 'E21.3', 'Hyperparathyroidism'),
(624, 'E27.4', 'Adrenocortical insufficiency'),
(625, 'E25.0', 'Congenital Adrenal hyperplasia'),
(626, 'E43', 'Protein Calorie Malnutrition'),
(627, 'E54', 'Ascorbic acid deficiency (Scurvy)'),
(628, 'E55.9', 'Vitamin D deficiency'),
(629, 'D50.9', 'Iron deficiency'),
(630, 'D51.9', 'Other deficiencies: Vit B12, folate'),
(631, 'D58.9', 'Haemolytic Anaemia'),
(632, 'E88.9', 'Metabolic diseases'),
(633, 'E70.1', '- Phenylketonuria (PKU)'),
(634, 'E74.2', '- Galactosaemia'),
(635, 'P58.9', 'Severe haemolytic Neonatal Jaundice/Kernicterus'),
(636, 'P59.9', 'Mild-moderate haemolytic neonatal jaundice'),
(637, 'P59.9', 'Neonatal jaundice of other and non-specific cause'),
(638, 'P07.0', 'Extreme Low Weight'),
(639, 'P07.2', 'Extreme immaturity'),
(640, 'P07.3', 'Other Preterm infants'),
(641, 'P08.0', 'EXTREMELY LARGE BABY'),
(642, 'P08.2', 'POST-TERM BABY'),
(643, 'None', 'Nezer Diagnosis 1'),
(644, 'None', 'Nezer Diagnosis 1'),
(645, 'P15.9', 'Abdominal injury due to birth trauma'),
(646, 'None', 'Nezer Diagnosis 1'),
(647, 'P13.9', 'Bone fractures'),
(648, 'P10.9', 'INTRACRANIAL HAEMORRHAGE'),
(649, 'None', 'Nezer Diagnosis 1'),
(650, 'P22.0', 'Respiratory Distress syndrome'),
(651, 'G03.9', 'Meningitis'),
(652, 'A33', 'Neonatal tetanus'),
(653, 'J18.9', 'Severe pneumonia'),
(654, 'Q24.9', 'Acyanotic Congenital Heart Disease'),
(655, 'Q24.9', 'Cyanotic Congenital Health Disease'),
(656, 'I00', 'Acute Rheumatic fever'),
(657, 'I38', 'Valvular heart disease'),
(658, 'I42.9', 'Cardiomyopathy'),
(659, 'I31.3', 'Pericardial effusion'),
(660, 'I50.9', 'Cardiac failure'),
(661, 'I51.4', 'Myocarditis'),
(662, 'I31.9', 'Pericarditis'),
(663, 'J68.0', 'Chemical Pneumonitis'),
(664, 'T54.3', 'Casutic soda ingestion'),
(665, 'T52.0', 'Kerosene ingestion'),
(666, 'T50.9', 'Drug poisoning'),
(667, 'B50.0', 'Cerebral Malaria'),
(668, 'E14.0', 'Diabetic Coma'),
(669, 'G03.9', 'Meningitis/Encephalitis with Coma'),
(670, 'E15', 'Drug Coma'),
(671, 'B40.2', 'Alcoholic Coma'),
(672, 'I64', 'Cerebrovascular accident with coma'),
(673, 'A17.0', 'TB Meningitis'),
(674, 'E14.0', 'Hypoglycaemic coma'),
(675, 'G93.4', 'Encephalopathy'),
(676, 'K72.9', 'Hepatic coma'),
(677, 'N19', 'Uraemic coma'),
(678, 'G61.0', 'Gullain Barre Syndrome'),
(679, 'G37.3', 'Transverse myelitis'),
(680, 'A80.9', 'Polio'),
(681, 'G82.2', 'Paraplegia'),
(682, 'G82.5', 'Tetraplegia'),
(683, 'G41.9', 'Uncontrolled/Status epilepticus'),
(684, 'R56.8', 'Other causes of convulsions'),
(685, 'G41.9', 'TRANSIENT ISCHAEMIC ATTACK (TIA)'),
(686, 'R55', 'Syncope'),
(687, 'R40.2', 'Other causes of loss of Consciousness'),
(688, 'R55', 'Collapse'),
(689, 'I64', 'Cerebrovascular accident (CVA)'),
(690, 'G80.9', 'CEREBRAL PALSY'),
(691, 'D61.9', 'Bone marrow hypoplasia'),
(692, 'D57.1', 'Haemoglobinopathy with crisis'),
(693, 'D65', 'Disseminated Intravascular coagulopathy (DIC)'),
(694, 'P53', 'Haemorrhagic disease of the new born'),
(695, 'D66', 'Haemophilia'),
(696, 'D68.9', 'Other Clotting disorders'),
(697, 'L30.9', 'Severe Eczema'),
(698, 'L51.1', 'Steven-Johnson syndrome'),
(699, 'L23.9', 'Other allergic skin conditions'),
(700, 'T30.0', 'Burns'),
(701, 'N00', 'Acute Nephritic syndrome'),
(702, 'N04', 'Nephrotic syndrome'),
(703, 'N17.9', 'Acute renal failure'),
(704, 'N18.9', 'Acute-on-chronic renal failure'),
(705, 'N17.9', 'Acute renal failure'),
(706, 'N17.9', 'Acute renal failure complicating any condition'),
(707, 'I45.9', 'Asthma'),
(708, 'I21.9', 'Bronchiolitis'),
(709, 'J44.9', 'Chronic obstructive airway disease'),
(710, 'A09', 'Gastroenteritis'),
(711, 'T62.9', 'Food poisoning'),
(712, 'A09', 'Dysentry'),
(713, 'A00.9', 'Cholera'),
(714, 'A03.9', 'Shigelosis'),
(715, 'A04.7', 'Necrotising enterocolitis'),
(716, 'B19.9', 'Acute viral hepatitis'),
(717, 'K73.9', 'Chronic Hepatitis'),
(718, 'C22.0', 'Hepatoma'),
(719, 'K74.9', 'Cirrhosis'),
(720, 'K92.2', 'All cause of GI bleeding - upper GI'),
(721, 'K92.2', 'Intestinal bleeding'),
(722, 'K92.2', 'Large bowel bleeding'),
(723, 'K27.9', 'Peptic Ulcer'),
(724, 'B83.9', 'Helminthiasis'),
(725, 'B89', 'Parasitic diseases'),
(726, 'R10.4', 'Abdominal pain'),
(727, 'R57.0', 'Cardiogenic Shock'),
(728, 'A41.9', 'Septicaemic Shock'),
(729, 'R58', 'Haemorrhagic shock'),
(730, 'B54', 'Uncomplicated Malaria'),
(731, 'B50.9', 'Drug Resistant Malaria / Complicated Malaria / Severe Malaria'),
(732, 'B50.8', 'Black water Fever'),
(733, 'I33.0', 'Acute Infective endocarditis'),
(734, 'A41.9', 'Septicaemia'),
(735, 'N12', 'Pyelonephritis'),
(736, 'A01.0', 'Enteric Fever/Typhoid fever/Typhoid Peforation'),
(737, 'G04.9', 'Encephalitis'),
(738, 'J18.9', 'Severe pneumonia'),
(739, 'J47', 'Bronchiectasis'),
(740, 'G03.9', 'Meningitis'),
(741, 'M86.1', 'Acute Osteomyelitis'),
(742, 'M00.9', 'Acute Septic Arthritis'),
(743, 'L03.9', 'Cellulitis'),
(744, 'N39.0', 'Urinary Tract Infection'),
(745, 'J40', 'Bronchitis'),
(746, 'J32.9', 'Sinusitis'),
(747, 'H66.9', 'Acute Otitis media'),
(748, 'J02.9', 'Pharyngitis'),
(749, 'J18.9', 'Mild-Moderate Pneumonia'),
(750, 'J98.8', 'Chest Infection'),
(751, 'L01.0', 'Impetigo'),
(752, 'P38', 'Cord sepsis'),
(753, 'I10', 'Hypertension Urgency'),
(754, 'I10', 'Malignant hypertension'),
(755, 'I20.9', 'Angina'),
(756, 'I21.9', 'Myocardia infarction'),
(757, 'I20.0', 'Unstable Angina'),
(758, 'I26.9', 'Pulmonary embolism'),
(759, 'I82.9', 'Venous thrombosis'),
(760, 'L98.4', 'Chronic Skin Ulcer'),
(761, 'A31.1', 'Buruli Ulcer'),
(762, 'T63.0', 'Snake bite'),
(763, 'W54', 'Dog bite'),
(764, 'W53', 'Rat bite'),
(765, 'None', 'Nezer Diagnosis 1'),
(766, 'K56.6', 'Intestinal obstruction'),
(767, 'K46.0', 'Strangulated hernia'),
(768, 'Q43.0', 'Meckel|s diverticulum'),
(769, 'Q41.9', 'Intestinal atresia'),
(770, 'Q43.1', 'Hirschsprung|s disease'),
(771, 'K31.1', 'Pyloric stenosis'),
(772, 'N28.9', 'Renal mass'),
(773, 'D73.1', 'Hypersplenism'),
(774, 'E27.9', 'Adrenal mass'),
(775, 'N83.9', 'Ovarian mass'),
(776, 'N13.0', 'Hydronephrosis with pelvi-ureteric junction obstruction'),
(777, 'N13.1', 'Reimplantation of ureters'),
(778, 'Q61.0', 'Multi-cystic kidney'),
(779, 'Q61.4', 'Dysplastic kidney'),
(780, 'Q63.9', 'Congenital abnormalities of the kidney'),
(781, 'D48.9', 'Sacroccygeal teratoma'),
(782, 'C80', 'Rhabdomyosarcoma'),
(783, 'D18.1', 'Cystic hygroma'),
(784, 'K62.1', 'Rectal polyp'),
(785, 'Q18.0', 'Branchial cyst'),
(786, 'R22.9', 'Other superficial  swellings'),
(787, 'D23.9', 'External angulardermoid'),
(788, 'Q89.2', 'Thyroglossal cyst/fistula'),
(789, 'l02.2', 'Perineal abscess'),
(790, 'N61', 'Breast abscess'),
(791, 'l02.9', 'All other abscesses'),
(792, 'K42.9', 'Umbilical hernia'),
(793, 'N43.3', 'Hydrocele'),
(794, 'K40.9', 'Inguinal hernia'),
(795, 'Q79.2', 'Exomphalos (Omphalocoele)'),
(796, 'Q79.3', 'Gastroschisis'),
(797, 'K43.9', 'Incisional hernia'),
(798, 'k43.9', 'Ventral hernia '),
(799, 'Q79.4', 'Prune belly syndrome'),
(800, 'K65.9', 'Primary peritonitis'),
(801, 'K66.1', 'Haemoperitoneum'),
(802, 'S31.8', 'Stab wound to abdomen'),
(803, 'Q39.0', 'Oesophageal atresia'),
(804, 'T54.9', 'Ingestion of corrosive oesphageal stricture'),
(805, 'K44.9', 'Diaphragmatic hernia'),
(806, 'K43.9', 'Ventral hernia '),
(807, 'K35.0', 'Ruptured appendix'),
(808, 'K37', 'Simple appendicitis'),
(809, 'K35.9', 'Gangrenous appendix'),
(810, 'K36', 'Chronic apprendicitis'),
(811, 'K37', 'Interval appendicectomy'),
(812, 'K35.1', 'Appendix abscess'),
(813, 'K38.8', 'Appendix mass'),
(814, 'l03.9', 'Cellulitis'),
(815, 'N45.9', 'Epididymo-orchitis'),
(816, 'Q39.0', 'Oesophageal atresia'),
(817, 'K21.9', 'Gastrooesophageal reflux'),
(818, 'K22.0', 'Achalasia of the cardia'),
(819, 'K22.2', 'Oesophageal replacement'),
(820, 'K22.2', 'Oesophageal stricture for replacement'),
(821, 'Q54.9', 'Hypospadias, PUV'),
(822, 'Q64.0', 'Simple epispadias'),
(823, 'N32.2', 'Urethrocutaneous fistula'),
(824, 'Q89.9', 'Cloacal anomaly'),
(825, 'Q64.1', 'Bladder extrophy with epispadias'),
(826, 'Q64.0', 'Female epispadias'),
(827, 'Q64.1', 'Cloacal extrophy'),
(828, 'K60.2', 'Anal fissure'),
(829, 'K62.1', 'Rectal polyp'),
(830, 'K60.3', 'Anal fistula'),
(831, 'Q05.9', 'Spina bifida'),
(832, 'Q01.0', 'Nasal encephalocoele'),
(833, 'Q36.9', 'Cleft lip'),
(834, 'Q35.9', 'Cleft palate'),
(835, 'K80.2', 'Cholelithiasis'),
(836, 'Q44.2', 'Biliary atresia '),
(837, 'K81.9', 'Cholecystitis'),
(838, 'Q44.4', 'Choledochal cyst'),
(839, 'Q89.4', 'Conjoint twins'),
(840, 'Q89.4', 'Siamese twins'),
(841, 'Q53.9', 'Undescended testis'),
(842, 'I86.1', 'Varicocoele'),
(843, 'Q53.0', 'Ectopic testis'),
(844, 'T14.1', 'Wounds (primary)'),
(845, 'T14.1', 'Wounds (postop)'),
(846, 'R19.8', 'Ruptured solid Abdo. Viscus'),
(847, 'S36.0', 'Ruptured spleen'),
(848, 'S36.1', 'Ruptured liver'),
(849, 'Q43.1', 'Hischsprung disease'),
(850, 'Q43.9', 'Anorectal anomaly'),
(851, 'K91.4', 'Conditions with enterostomy'),
(852, 'Q43.9', 'Anorectal malformations'),
(853, 'T30.0', 'Minor burns <10%'),
(854, 'T30.0', 'Burns over 10% BSA'),
(855, 'T30.0', 'Burn complications'),
(856, 'T30.0', 'Major Burns >10 BSA with eschars or requiring skin graft'),
(857, 'T74.2', 'Rape/defilement'),
(858, 'T74.2', 'Rape/defilement'),
(859, 'Q41.9', 'Intestinal atresia'),
(860, 'Q43.3', 'Malrotation'),
(861, 'K66.8', 'Mesenteric cysts'),
(862, 'Q36.9', 'Cleft lip'),
(863, 'Q35.9', 'Cleft Palate'),
(864, 'Q54.9', 'Hypospadias'),
(865, 'T14.6', 'Tendon Injury'),
(866, 'T14.5', 'Vascular Injury'),
(867, 'T14.4', 'Peripheral Nerve Injury'),
(868, 'T30.0', 'Burns'),
(869, 'T14.9', 'Traumatic Wounds'),
(870, 'L98.4', 'Ulcers'),
(871, 'T30.0', 'Burns'),
(872, 'A31.0', 'Buruli Ulcer'),
(873, 'T14.9', 'Injuries without Tissue Loss'),
(874, 'T14.9', 'Injuries with Tissue Loss'),
(875, 'T14.1', 'Lacerations'),
(876, 'T14.9', 'Injuries without tissue loss'),
(877, 'T14.9', 'Injuries with Tissue Loss'),
(878, 'T14.9', 'Injuries with Tissue Loss'),
(879, 'D17.9', 'Lipoma'),
(880, 'C49.9', 'Fibroma'),
(881, 'M67.4', 'Ganglion'),
(882, 'D18.0', 'Haemangioma'),
(883, 'Q69.9', 'Polydactyly'),
(884, 'None', 'Nezer Diagnosis 1'),
(885, 'T30.0', 'Burns'),
(886, 'M62.4', 'Contractures '),
(887, 'Q75.0', 'Craniosynostosis'),
(888, 'T14.9', 'Traumatic'),
(889, 'H93.9', 'Defect of Ear'),
(890, 'K13.0', 'Defect of Lip'),
(891, 'J34.8', 'Defect Nose'),
(892, 'C43.9', 'Lymphoedema'),
(893, 'M62.4', 'Postburns Contracture'),
(894, 'M62.4', 'Contractures Others'),
(895, 'L65.9', 'Facial skin loss'),
(896, 'S69.9', 'Hand injuries with skin loss'),
(897, 'Q85.0', 'Neurobibromatosis'),
(898, 'Q70.9', 'Syndactyly'),
(899, 'M62.4', 'Contracture joints of Hand'),
(900, 'H02.1', 'Ectropion of Eyelids'),
(901, 'Q85.0', 'Neurofibromatosis'),
(902, 'T14.9', 'Injuries without tissue loss'),
(903, 'None', 'Nezer Diagnosis 1');

-- --------------------------------------------------------

--
-- Table structure for table `dosagemonitor`
--

CREATE TABLE IF NOT EXISTS `dosagemonitor` (
  `id` int(11) NOT NULL AUTO_INCREMENT,
  `visitid` int(11) NOT NULL,
  `patienttreatmentid` int(11) NOT NULL,
  `morning` varchar(255) DEFAULT NULL,
  `afternoon` varchar(255) DEFAULT NULL,
  `evening` varchar(255) DEFAULT NULL,
  `givenday` date DEFAULT NULL,
  PRIMARY KEY (`id`)
) ENGINE=MyISAM  DEFAULT CHARSET=latin1 AUTO_INCREMENT=3 ;

--
-- Dumping data for table `dosagemonitor`
--

INSERT INTO `dosagemonitor` (`id`, `visitid`, `patienttreatmentid`, `morning`, `afternoon`, `evening`, `givenday`) VALUES
(1, 126, 5, 'No', 'No', 'No', NULL),
(2, 128, 4, 'No', 'No', 'No', NULL);

-- --------------------------------------------------------

--
-- Table structure for table `drugtype`
--

CREATE TABLE IF NOT EXISTS `drugtype` (
  `drugType` varchar(30) DEFAULT NULL,
  `id` int(30) NOT NULL,
  PRIMARY KEY (`id`),
  KEY `id` (`id`)
) ENGINE=InnoDB DEFAULT CHARSET=latin1;

--
-- Dumping data for table `drugtype`
--

INSERT INTO `drugtype` (`drugType`, `id`) VALUES
('try', 0);

-- --------------------------------------------------------

--
-- Table structure for table `folder`
--

CREATE TABLE IF NOT EXISTS `folder` (
  `foldernumber` varchar(10) NOT NULL DEFAULT '',
  `shelvenumber` varchar(100) DEFAULT NULL,
  `status` varchar(100) DEFAULT NULL,
  `previouslocation` varchar(255) DEFAULT NULL,
  PRIMARY KEY (`foldernumber`)
) ENGINE=MyISAM DEFAULT CHARSET=latin1;

--
-- Dumping data for table `folder`
--

INSERT INTO `folder` (`foldernumber`, `shelvenumber`, `status`, `previouslocation`) VALUES
('PAT-004', 'K-0001', 'OPD', NULL),
('PAT-034', 'N-0001', 'Room 1', NULL),
('PAT-005', 'K-0001', 'Laboratory', NULL),
('PAT-003', 'M-0001', 'Accounts', NULL),
('PAT-006', 'M-0001', 'OPD', NULL),
('FIN0023', 'D-0001', 'Laboratory', NULL),
('PAT123', 'A-0001', 'WARD', 'Room 1'),
('Eben123', 'N-0001', 'Room 1', NULL),
('PAT1001', 'M-0001', 'Accounts', 'Male ward'),
('EGON11', 'A-0001', 'OPD', NULL),
('TEST1', 'A-0001', 'OPD', 'Pharmacy');

-- --------------------------------------------------------

--
-- Table structure for table `investigation`
--

CREATE TABLE IF NOT EXISTS `investigation` (
  `investigation_id` int(11) NOT NULL AUTO_INCREMENT,
  `investigation` varchar(225) NOT NULL,
  `price` double NOT NULL,
  PRIMARY KEY (`investigation_id`)
) ENGINE=MyISAM  DEFAULT CHARSET=latin1 AUTO_INCREMENT=125 ;

--
-- Dumping data for table `investigation`
--

INSERT INTO `investigation` (`investigation_id`, `investigation`, `price`) VALUES
(10, 'FCB (WBC + DIFF + HB ) + Film Comment', 13),
(9, 'Full Blood Count FCB (WBC + DIFF + HB)', 1),
(17, 'ESR', 19),
(11, 'HB', 20),
(12, 'WBC', 12),
(13, 'White Blood Cell/ Diff', 16),
(14, 'HCT ( PCV )', 3),
(15, 'Platelet', 6),
(16, 'RBC', 15),
(18, 'B/F ( Malaria Parasites )', 18),
(19, 'G6PD', 12),
(20, 'Sickling', 19),
(21, 'HB Electropheresis ( Genotype )', 3),
(22, 'Bleeding Time Test', 7),
(23, 'Clotting Time', 17),
(24, 'PTT', 16),
(25, 'Blood Group', 3),
(26, 'Reticulocyte count', 7),
(27, 'Coombs test', 9),
(28, 'Rhesus Anti body screening', 11),
(29, 'Widal test', 7),
(30, 'Hepatitis B sAg ( HbsAg ) Screening only', 13),
(31, 'Hepatitis B sAg ( HbsAg ) Screening and ELISA', 3),
(32, 'Hepatitis C V', 6),
(33, 'ASO titre', 12),
(34, 'Rheumatoid Factor', 19),
(35, 'VDRL', 20),
(36, 'Syphylis test', 6),
(37, 'Pregnancy test Urine', 19),
(38, 'Pregnancy test Blood HCG', 19),
(39, 'Ovulation test', 2),
(40, 'Thyroid Function test TSH', 15),
(41, 'Thyroid Function test T3', 8),
(42, 'Thyroid Function test T3', 17),
(43, 'Thyroid Function test T4', 14),
(44, 'Thyroid Function test FT3', 13),
(45, 'Thyroid Function test FT4', 5),
(46, 'Infertility Test FSH', 16),
(47, 'Infertility Test LH', 10),
(48, 'Infertility Test Prolactin', 16),
(49, 'Infertility Test Progesterone', 3),
(50, 'Infertility Test Estradiol', 7),
(51, 'Infertility Test Testosterone', 14),
(52, 'Infertility Test Cortisol', 1),
(53, 'Infertility Test Alpha-feto protein', 13),
(54, 'Infertility Test PSA ( Prostrate Specific Antigen )', 12),
(55, 'Infertility Test Beta HCG-Serum Preg. Test', 8),
(56, 'Toxo plasmosis 1gm', 12),
(57, 'Toxo plasmosis 1gG', 16),
(58, 'HIV 1 & 2', 15),
(59, 'H. Pylori 1gM', 18),
(60, 'H. Pylori 1gG', 10),
(61, 'Measles virus', 12),
(62, 'Rubella virus', 6),
(63, 'Cytomegalo virus', 20),
(64, 'HSV ( Herpes simplex virus )', 16),
(65, 'Chlmydia', 9),
(66, 'Gonorhea', 2),
(67, 'BUE', 15),
(68, 'Creatinine', 3),
(69, 'Uric Acid', 12),
(70, 'Ureral', 10),
(71, 'Blood Glucose Test', 18),
(72, 'Oral Glucose Tolerance Test OGTT', 16),
(73, 'T Cholesterol', 13),
(74, 'HDL Cholesterol', 15),
(75, 'LDL Cholesterol', 7),
(76, 'Triglycerides', 20),
(77, 'Albumin', 18),
(78, 'T. Protein', 7),
(79, 'SGOT', 2),
(80, 'SGPT', 12),
(81, 'CRP', 11),
(82, 'Alkaline Phosphatase & GT', 20),
(83, 'Bilirubin D/Total', 19),
(84, 'Histology after EOU', 18),
(85, 'Cytology', 14),
(86, 'Alpha Amylase', 10),
(87, 'Uric Acid', 1),
(88, 'Acid Phos', 15),
(89, 'Chloride', 1),
(90, 'Calcium', 9),
(91, 'Phosphorous', 16),
(92, 'Magnesium', 6),
(93, 'Sodium', 18),
(94, 'Potassium', 12),
(95, 'Semen analysis & C / S', 8),
(96, 'Semen analysis only', 15),
(97, 'Urine R / E', 7),
(98, 'Urine C / S', 6),
(99, 'Stool C / S', 12),
(100, 'Stool R / E', 9),
(101, 'HVS R / E', 13),
(102, 'HVS C / S', 3),
(103, 'Urethral smear R / E', 6),
(104, 'Urethral smear C / S', 19),
(105, 'Sputum ZN', 7),
(106, 'Sputum C / S', 9),
(107, 'Occult blood test', 3),
(108, 'Blood culture', 13),
(109, 'Blood microfilaria', 4),
(110, 'Skin Sinp Onko', 18),
(111, 'Skin Scraping Mycology', 15),
(112, 'Ultrasound Scan Perlvic', 3),
(113, 'Ultrasound Scan and comment report', 13),
(114, 'Ultrasound breast cancer screening', 1),
(124, 'Platelet Count', 15);

-- --------------------------------------------------------

--
-- Table structure for table `items_table`
--

CREATE TABLE IF NOT EXISTS `items_table` (
  `code` varchar(255) NOT NULL,
  `items_id` int(255) NOT NULL AUTO_INCREMENT,
  `items` varchar(255) NOT NULL,
  `quantity` int(11) NOT NULL,
  `unit` varchar(255) NOT NULL,
  `price` double NOT NULL,
  `supplier` varchar(50) NOT NULL,
  `date` date NOT NULL,
  `exp_date` date NOT NULL,
  `itemType` varchar(255) NOT NULL,
  `drugType` varchar(255) NOT NULL,
  `r_Quantity` int(11) NOT NULL,
  `e_Quantity` int(11) NOT NULL,
  `locationId` varchar(255) NOT NULL,
  PRIMARY KEY (`items_id`),
  KEY `items_id` (`items_id`)
) ENGINE=MyISAM  DEFAULT CHARSET=latin1 AUTO_INCREMENT=27 ;

--
-- Dumping data for table `items_table`
--

INSERT INTO `items_table` (`code`, `items_id`, `items`, `quantity`, `unit`, `price`, `supplier`, `date`, `exp_date`, `itemType`, `drugType`, `r_Quantity`, `e_Quantity`, `locationId`) VALUES
('ANTI/009', 21, 'Amodiaquine', 50, 'packets', 100, 'Medical Suppliers', '2012-01-07', '2013-01-04', 'Drug', 'Antimalarial', 10, 5, 'ANTI/30-5'),
('wqew', 22, 'sdfds', 232, 'fddsfd', 121, 'ddsfdf', '2012-01-26', '2012-01-04', 'Laboratory Items', 'Choose Drug Type', 0, 0, 'Enter Drud Location'),
('wqew', 23, 'sdfds', 232, 'fddsfd', 121, 'ddsfdf', '2012-01-26', '2012-01-04', 'Laboratory Items', 'Choose Drug Type', 0, 0, 'Enter Drud Location'),
('sdsds', 24, 'sdsds', 32, 'dff', 32, 'dfdvvc', '2012-01-26', '2012-01-25', 'Cleaning And Detergents', 'Choose Drug Type', 0, 0, 'Enter Drud Location'),
('dfeefsdffd', 26, 'para', 21, 'hgdsddh', 121.1, 'dsfdfsfhgd', '2012-01-02', '2012-01-02', 'Drug', 'Choose Drug Type', 0, 0, 'Enter Drud Location');

-- --------------------------------------------------------

--
-- Table structure for table `itemtype`
--

CREATE TABLE IF NOT EXISTS `itemtype` (
  `itemType` varchar(30) DEFAULT NULL,
  `id` int(11) NOT NULL AUTO_INCREMENT,
  PRIMARY KEY (`id`),
  KEY `id` (`id`)
) ENGINE=InnoDB  DEFAULT CHARSET=latin1 AUTO_INCREMENT=3 ;

--
-- Dumping data for table `itemtype`
--

INSERT INTO `itemtype` (`itemType`, `id`) VALUES
('try', 1),
('pen', 2);

-- --------------------------------------------------------

--
-- Table structure for table `newborn`
--

CREATE TABLE IF NOT EXISTS `newborn` (
  `newbordid` int(11) NOT NULL AUTO_INCREMENT,
  `year` year(4) NOT NULL,
  `month` varchar(3) NOT NULL,
  `day` varchar(3) NOT NULL,
  `time` time NOT NULL,
  `momsid` varchar(255) NOT NULL,
  `supervisingmidwife` varchar(255) DEFAULT NULL,
  `complications` varchar(255) DEFAULT NULL,
  PRIMARY KEY (`newbordid`)
) ENGINE=MyISAM DEFAULT CHARSET=latin1 AUTO_INCREMENT=1 ;

--
-- Dumping data for table `newborn`
--


-- --------------------------------------------------------

--
-- Table structure for table `nhisinvestigation`
--

CREATE TABLE IF NOT EXISTS `nhisinvestigation` (
  `code` int(11) NOT NULL AUTO_INCREMENT,
  `investigation` varchar(100) NOT NULL,
  `gdrg` varchar(10) NOT NULL,
  `icd10` varchar(10) NOT NULL,
  `price` double NOT NULL,
  PRIMARY KEY (`code`)
) ENGINE=MyISAM DEFAULT CHARSET=latin1 AUTO_INCREMENT=1 ;

--
-- Dumping data for table `nhisinvestigation`
--


-- --------------------------------------------------------

--
-- Table structure for table `nhistreatment`
--

CREATE TABLE IF NOT EXISTS `nhistreatment` (
  `code` int(10) NOT NULL AUTO_INCREMENT,
  `drug` varchar(100) NOT NULL,
  `price` double NOT NULL,
  `gdrg` varchar(10) NOT NULL,
  `icd10` varchar(10) NOT NULL,
  PRIMARY KEY (`code`)
) ENGINE=MyISAM DEFAULT CHARSET=latin1 AUTO_INCREMENT=1 ;

--
-- Dumping data for table `nhistreatment`
--


-- --------------------------------------------------------

--
-- Table structure for table `patient`
--

CREATE TABLE IF NOT EXISTS `patient` (
  `patientid` varchar(10) NOT NULL,
  `fname` varchar(100) DEFAULT NULL,
  `lname` varchar(100) DEFAULT NULL,
  `midname` varchar(100) DEFAULT NULL,
  `gender` varchar(10) DEFAULT NULL,
  `address` varchar(200) DEFAULT NULL,
  `employer` varchar(100) DEFAULT NULL,
  `dateofbirth` date DEFAULT NULL,
  `contact` varchar(100) DEFAULT NULL,
  `emergencyperson` varchar(100) DEFAULT NULL,
  `emergencycontact` varchar(100) DEFAULT NULL,
  `email` varchar(100) DEFAULT NULL,
  `dateofregistration` date DEFAULT NULL,
  PRIMARY KEY (`patientid`)
) ENGINE=MyISAM DEFAULT CHARSET=latin1;

--
-- Dumping data for table `patient`
--

INSERT INTO `patient` (`patientid`, `fname`, `lname`, `midname`, `gender`, `address`, `employer`, `dateofbirth`, `contact`, `emergencyperson`, `emergencycontact`, `email`, `dateofregistration`) VALUES
('PAT-034', 'Aaron', 'Nathan', 'Larinso', NULL, 'Lapaz', NULL, '0002-11-30', 'NA', '', 'NA', 'NA', '2012-06-14'),
('PAT-003', 'Isaac', 'McSey', 'Arnold', NULL, 'East legon', NULL, '1985-08-25', '0275211219', '', '0275211219', 'a@a.com', '2012-03-31'),
('PAT-004', 'Kwame', 'Kofi', 'Kwesi', NULL, 'Legon', NULL, '1982-03-01', '0275211219', '', '0275211219', 'a@a.com', '2012-03-31'),
('PAT-005', 'Kwame', 'Kofi', 'Kwesi', NULL, 'Legon', NULL, '1982-03-01', '0275211219', '', '0275211219', 'a@a.com', '2012-03-31'),
('PAT-006', 'Isaac', 'McSey', 'Arnold', NULL, 'East legon', NULL, '1982-03-01', '0275211219', '', '0275211219', 'a@a.com', '2012-03-31'),
('FIN0023', 'Nancy', 'Drew', 'Naabia', NULL, 'Box 12, Asamankese', NULL, '1998-09-15', '0243232123', '', '03432234432', 'drew@crimelab.com', '2012-04-03'),
('PAT123', 'Emmanuel', 'Addo-Yirenkyi', 'Bediako', 'Male', 'P.O.Box TN 1565', 'ClaimSync', '1990-02-10', '233246002991', 'Elizabeth Aboagye', NULL, 'eyirenkyi@claimsync.com', '2012-07-25'),
('Eben123', 'Ebenezer', 'Nubuor', 'Isaac', 'Female', 'P.O.Box TN 1565', 'ClaimSync ', '0002-11-30', '233264647746', 'Girl', NULL, 'enubuor@claimsync.com', '2012-08-02'),
('PAT1001', 'Seth', 'Mawuse', 'Akumani', 'Male', 'Banana St 13', 'Claimsync', '1985-09-09', '0275211219', 'Patience Akumani', NULL, 'seth.akumani@claimsync.com', '2012-08-05'),
('EGON11', 'Addo', 'Asare', 'Owusu', 'Male', 'Aluguntuguntu', 'Asare Original Payall', '1985-08-25', '0243333222', 'Addo Fredua', NULL, 'addo.owusu@g.com', '2012-08-07'),
('TEST1', 'Ike', 'Arnold', 'Sey', 'Male', 'Banana St', 'ClaimSync', '1985-12-12', '0275211219', '0275211218', '0275211219', 'drac852002@gmail.com', '2012-08-13');

-- --------------------------------------------------------

--
-- Table structure for table `patientdiagnosis`
--

CREATE TABLE IF NOT EXISTS `patientdiagnosis` (
  `id` int(11) NOT NULL AUTO_INCREMENT,
  `patientid` varchar(20) NOT NULL,
  `diagnosisid` int(11) NOT NULL,
  `code` varchar(20) NOT NULL,
  `visitationid` int(11) NOT NULL,
  `date` date NOT NULL,
  PRIMARY KEY (`id`)
) ENGINE=MyISAM  DEFAULT CHARSET=latin1 AUTO_INCREMENT=201 ;

--
-- Dumping data for table `patientdiagnosis`
--

INSERT INTO `patientdiagnosis` (`id`, `patientid`, `diagnosisid`, `code`, `visitationid`, `date`) VALUES
(1, 'PAT - 00', 144, 'CODE', 1, '2009-06-21'),
(2, 'PAT - 00', 715, 'CODE', 1, '2009-06-21'),
(3, 'PAT - 00', 838, 'CODE', 2, '2011-08-16'),
(4, 'PAT - 00', 123, 'CODE', 3, '2009-07-12'),
(5, 'PAT - 00', 608, 'CODE', 4, '2009-05-03'),
(6, 'PAT - 00', 668, 'CODE', 4, '2009-05-03'),
(7, 'PAT - 00', 805, 'CODE', 5, '2010-11-12'),
(8, 'PAT - 00', 69, 'CODE', 5, '2010-11-12'),
(9, 'PAT - 00', 528, 'CODE', 6, '2011-07-06'),
(10, 'PAT - 00', 159, 'CODE', 6, '2011-07-06'),
(11, 'PAT - 01', 695, 'CODE', 7, '2011-04-25'),
(12, 'PAT - 01', 495, 'CODE', 7, '2011-04-25'),
(13, 'PAT - 01', 113, 'CODE', 8, '2010-09-23'),
(14, 'PAT - 01', 520, 'CODE', 9, '2010-09-05'),
(15, 'PAT - 01', 715, 'CODE', 9, '2010-09-05'),
(16, 'PAT - 01', 459, 'CODE', 10, '2010-07-10'),
(17, 'PAT - 01', 126, 'CODE', 10, '2010-07-10'),
(18, 'PAT - 01', 539, 'CODE', 10, '2010-07-10'),
(19, 'PAT - 01', 609, 'CODE', 11, '2009-10-01'),
(20, 'PAT - 01', 428, 'CODE', 12, '2010-09-26'),
(21, 'PAT - 01', 789, 'CODE', 12, '2010-09-26'),
(22, 'PAT - 01', 334, 'CODE', 12, '2010-09-26'),
(23, 'PAT - 02', 537, 'CODE', 13, '2008-05-03'),
(24, 'PAT - 02', 737, 'CODE', 14, '2011-07-09'),
(25, 'PAT - 02', 722, 'CODE', 14, '2011-07-09'),
(26, 'PAT - 02', 475, 'CODE', 14, '2011-07-09'),
(27, 'PAT - 02', 719, 'CODE', 15, '2009-10-10'),
(28, 'PAT - 02', 803, 'CODE', 15, '2009-10-10'),
(29, 'PAT - 02', 591, 'CODE', 16, '2009-10-24'),
(30, 'PAT - 02', 416, 'CODE', 17, '2010-04-16'),
(31, 'PAT - 02', 371, 'CODE', 17, '2010-04-16'),
(32, 'PAT - 02', 611, 'CODE', 18, '2010-08-14'),
(33, 'PAT - 02', 712, 'CODE', 18, '2010-08-14'),
(34, 'PAT - 03', 216, 'CODE', 19, '2010-07-26'),
(35, 'PAT - 03', 295, 'CODE', 19, '2010-07-26'),
(36, 'PAT - 03', 754, 'CODE', 19, '2010-07-26'),
(37, 'PAT - 03', 901, 'CODE', 20, '2010-03-01'),
(38, 'PAT - 03', 101, 'CODE', 20, '2010-03-01'),
(39, 'PAT - 03', 4, 'CODE', 20, '2010-03-01'),
(40, 'PAT - 03', 668, 'CODE', 21, '2010-07-13'),
(41, 'PAT - 03', 829, 'CODE', 22, '2010-02-06'),
(42, 'PAT - 03', 869, 'CODE', 22, '2010-02-06'),
(43, 'PAT - 03', 80, 'CODE', 23, '2011-12-17'),
(44, 'PAT - 03', 405, 'CODE', 24, '2009-08-25'),
(45, 'PAT - 03', 349, 'CODE', 24, '2009-08-25'),
(46, 'PAT - 04', 176, 'CODE', 25, '2010-06-02'),
(47, 'PAT - 04', 220, 'CODE', 25, '2010-06-02'),
(48, 'PAT - 04', 384, 'CODE', 25, '2010-06-02'),
(49, 'PAT - 04', 659, 'CODE', 26, '2010-05-29'),
(50, 'PAT - 04', 485, 'CODE', 27, '2011-02-18'),
(51, 'PAT - 04', 861, 'CODE', 28, '2008-05-24'),
(52, 'PAT - 04', 493, 'CODE', 28, '2008-05-24'),
(53, 'PAT - 04', 218, 'CODE', 28, '2008-05-24'),
(54, 'PAT - 04', 748, 'CODE', 29, '2009-11-13'),
(55, 'PAT - 04', 714, 'CODE', 30, '2008-09-19'),
(56, 'PAT - 05', 347, 'CODE', 31, '2010-04-10'),
(57, 'PAT - 05', 106, 'CODE', 32, '2008-02-17'),
(58, 'PAT - 05', 650, 'CODE', 33, '2011-03-03'),
(59, 'PAT - 05', 86, 'CODE', 33, '2011-03-03'),
(60, 'PAT - 05', 713, 'CODE', 34, '2011-10-15'),
(61, 'PAT - 05', 570, 'CODE', 34, '2011-10-15'),
(62, 'PAT - 05', 389, 'CODE', 35, '2009-08-18'),
(63, 'PAT - 05', 404, 'CODE', 36, '2011-01-02'),
(64, 'PAT - 06', 241, 'CODE', 37, '2011-03-28'),
(65, 'PAT - 06', 558, 'CODE', 37, '2011-03-28'),
(66, 'PAT - 06', 76, 'CODE', 37, '2011-03-28'),
(67, 'PAT - 06', 755, 'CODE', 38, '2009-07-11'),
(68, 'PAT - 06', 523, 'CODE', 39, '2010-06-26'),
(69, 'PAT - 06', 829, 'CODE', 40, '2011-03-26'),
(70, 'PAT - 06', 881, 'CODE', 40, '2011-03-26'),
(71, 'PAT - 06', 32, 'CODE', 41, '2008-02-13'),
(72, 'PAT - 06', 664, 'CODE', 41, '2008-02-13'),
(73, 'PAT - 06', 528, 'CODE', 42, '2011-07-16'),
(74, 'PAT - 06', 161, 'CODE', 42, '2011-07-16'),
(75, 'PAT - 07', 305, 'CODE', 43, '2010-10-28'),
(76, 'PAT - 07', 615, 'CODE', 43, '2010-10-28'),
(77, 'PAT - 07', 343, 'CODE', 44, '2008-05-25'),
(78, 'PAT - 07', 178, 'CODE', 45, '2010-08-22'),
(79, 'PAT - 07', 90, 'CODE', 45, '2010-08-22'),
(80, 'PAT - 07', 775, 'CODE', 46, '2011-12-04'),
(81, 'PAT - 07', 161, 'CODE', 47, '2009-11-15'),
(82, 'PAT - 07', 694, 'CODE', 48, '2010-06-12'),
(83, 'PAT - 07', 191, 'CODE', 48, '2010-06-12'),
(84, 'PAT - 08', 672, 'CODE', 49, '2011-12-11'),
(85, 'PAT - 08', 731, 'CODE', 49, '2011-12-11'),
(86, 'PAT - 08', 211, 'CODE', 50, '2009-11-21'),
(87, 'PAT - 08', 897, 'CODE', 51, '2009-07-24'),
(88, 'PAT - 08', 526, 'CODE', 51, '2009-07-24'),
(89, 'PAT - 08', 506, 'CODE', 52, '2009-10-05'),
(90, 'PAT - 08', 394, 'CODE', 53, '2011-07-21'),
(91, 'PAT - 08', 329, 'CODE', 53, '2011-07-21'),
(92, 'PAT - 08', 301, 'CODE', 53, '2011-07-21'),
(93, 'PAT - 08', 159, 'CODE', 54, '2009-06-17'),
(94, 'PAT - 08', 289, 'CODE', 54, '2009-06-17'),
(95, 'PAT - 09', 261, 'CODE', 55, '2009-12-12'),
(96, 'PAT - 09', 810, 'CODE', 55, '2009-12-12'),
(97, 'PAT - 09', 282, 'CODE', 55, '2009-12-12'),
(98, 'PAT - 09', 328, 'CODE', 56, '2010-06-05'),
(99, 'PAT - 09', 378, 'CODE', 56, '2010-06-05'),
(100, 'PAT - 09', 776, 'CODE', 57, '2008-12-08'),
(101, 'PAT - 09', 606, 'CODE', 57, '2008-12-08'),
(102, 'PAT - 09', 395, 'CODE', 58, '2011-04-07'),
(103, 'PAT - 09', 4, 'CODE', 58, '2011-04-07'),
(104, 'PAT - 09', 470, 'CODE', 58, '2011-04-07'),
(105, 'PAT - 09', 223, 'CODE', 59, '2010-03-23'),
(106, 'PAT - 09', 391, 'CODE', 59, '2010-03-23'),
(107, 'PAT - 09', 857, 'CODE', 59, '2010-03-23'),
(108, 'PAT - 09', 698, 'CODE', 60, '2010-02-12'),
(109, 'PAT - 09', 598, 'CODE', 60, '2010-02-12'),
(110, 'PAT - 09', 402, 'CODE', 60, '2010-02-12'),
(111, 'PAT - 010', 192, 'CODE', 61, '2010-07-30'),
(112, 'PAT - 010', 3, 'CODE', 61, '2010-07-30'),
(113, 'PAT - 010', 515, 'CODE', 62, '2010-03-04'),
(114, 'PAT - 010', 13, 'CODE', 62, '2010-03-04'),
(115, 'PAT - 010', 79, 'CODE', 62, '2010-03-04'),
(116, 'PAT - 010', 99, 'CODE', 63, '2009-08-11'),
(117, 'PAT - 010', 47, 'CODE', 63, '2009-08-11'),
(118, 'PAT - 010', 140, 'CODE', 63, '2009-08-11'),
(119, 'PAT - 010', 319, 'CODE', 64, '2009-03-23'),
(120, 'PAT - 010', 415, 'CODE', 65, '2010-02-07'),
(121, 'PAT - 010', 698, 'CODE', 65, '2010-02-07'),
(122, 'PAT - 010', 401, 'CODE', 65, '2010-02-07'),
(123, 'PAT - 010', 476, 'CODE', 66, '2008-11-20'),
(124, 'PAT - 011', 871, 'CODE', 67, '2008-04-09'),
(125, 'PAT - 011', 554, 'CODE', 68, '2009-02-15'),
(126, 'PAT - 011', 515, 'CODE', 68, '2009-02-15'),
(127, 'PAT - 011', 850, 'CODE', 69, '2009-07-07'),
(128, 'PAT - 011', 736, 'CODE', 69, '2009-07-07'),
(129, 'PAT - 011', 673, 'CODE', 70, '2009-10-24'),
(130, 'PAT - 011', 712, 'CODE', 70, '2009-10-24'),
(131, 'PAT - 011', 119, 'CODE', 71, '2009-10-01'),
(132, 'PAT - 011', 8, 'CODE', 71, '2009-10-01'),
(133, 'PAT - 011', 508, 'CODE', 72, '2011-04-20'),
(134, 'PAT - 011', 545, 'CODE', 72, '2011-04-20'),
(135, 'PAT - 012', 577, 'CODE', 73, '2009-04-29'),
(136, 'PAT - 012', 785, 'CODE', 74, '2009-02-24'),
(137, 'PAT - 012', 794, 'CODE', 74, '2009-02-24'),
(138, 'PAT - 012', 145, 'CODE', 75, '2011-04-13'),
(139, 'PAT - 012', 575, 'CODE', 75, '2011-04-13'),
(140, 'PAT - 012', 284, 'CODE', 76, '2009-12-03'),
(141, 'PAT - 012', 785, 'CODE', 76, '2009-12-03'),
(142, 'PAT - 012', 63, 'CODE', 77, '2010-10-23'),
(143, 'PAT - 012', 530, 'CODE', 77, '2010-10-23'),
(144, 'PAT - 012', 167, 'CODE', 77, '2010-10-23'),
(145, 'PAT - 012', 422, 'CODE', 78, '2008-01-07'),
(146, 'PAT - 012', 143, 'CODE', 78, '2008-01-07'),
(147, 'PAT - 012', 406, 'CODE', 78, '2008-01-07'),
(148, 'PAT - 013', 637, 'CODE', 79, '2010-12-03'),
(149, 'PAT - 013', 667, 'CODE', 79, '2010-12-03'),
(150, 'PAT - 013', 11, 'CODE', 80, '2008-02-23'),
(151, 'PAT - 013', 364, 'CODE', 80, '2008-02-23'),
(152, 'PAT - 013', 390, 'CODE', 80, '2008-02-23'),
(153, 'PAT - 013', 856, 'CODE', 81, '2009-10-30'),
(154, 'PAT - 013', 742, 'CODE', 81, '2009-10-30'),
(155, 'PAT - 013', 178, 'CODE', 82, '2009-06-30'),
(156, 'PAT - 013', 277, 'CODE', 83, '2009-11-25'),
(157, 'PAT - 013', 638, 'CODE', 84, '2010-04-30'),
(158, 'PAT - 014', 549, 'CODE', 85, '2011-02-23'),
(159, 'PAT - 014', 776, 'CODE', 85, '2011-02-23'),
(160, 'PAT - 014', 368, 'CODE', 85, '2011-02-23'),
(161, 'PAT - 014', 484, 'CODE', 86, '2010-03-16'),
(162, 'PAT - 014', 725, 'CODE', 87, '2010-03-29'),
(163, 'PAT - 014', 564, 'CODE', 88, '2010-08-20'),
(164, 'PAT - 014', 711, 'CODE', 88, '2010-08-20'),
(165, 'PAT - 014', 681, 'CODE', 88, '2010-08-20'),
(166, 'PAT - 014', 199, 'CODE', 89, '2010-09-30'),
(167, 'PAT - 014', 665, 'CODE', 89, '2010-09-30'),
(168, 'PAT - 014', 332, 'CODE', 90, '2009-03-28'),
(169, 'PAT - 014', 254, 'CODE', 90, '2009-03-28'),
(170, 'PAT - 014', 622, 'CODE', 90, '2009-03-28'),
(171, 'PAT - 015', 466, 'CODE', 91, '2009-06-14'),
(172, 'PAT - 015', 563, 'CODE', 91, '2009-06-14'),
(173, 'PAT - 015', 790, 'CODE', 92, '2010-10-09'),
(174, 'PAT - 015', 655, 'CODE', 92, '2010-10-09'),
(175, 'PAT - 015', 567, 'CODE', 93, '2011-09-20'),
(176, 'PAT - 015', 561, 'CODE', 93, '2011-09-20'),
(177, 'PAT - 015', 429, 'CODE', 94, '2010-04-23'),
(178, 'PAT - 015', 34, 'CODE', 94, '2010-04-23'),
(179, 'PAT - 015', 368, 'CODE', 95, '2009-04-12'),
(180, 'PAT - 015', 678, 'CODE', 96, '2010-06-20'),
(181, 'PAT - 015', 317, 'CODE', 96, '2010-06-20'),
(182, 'PAT - 015', 478, 'CODE', 96, '2010-06-20'),
(183, 'PAT - 016', 777, 'CODE', 97, '2009-02-18'),
(184, 'PAT - 016', 207, 'CODE', 98, '2009-09-26'),
(185, 'PAT - 016', 872, 'CODE', 98, '2009-09-26'),
(186, 'PAT - 016', 892, 'CODE', 99, '2010-12-17'),
(187, 'PAT - 016', 710, 'CODE', 99, '2010-12-17'),
(188, 'PAT - 016', 161, 'CODE', 99, '2010-12-17'),
(189, 'PAT - 016', 348, 'CODE', 100, '2010-06-06'),
(190, 'PAT - 016', 871, 'CODE', 100, '2010-06-06'),
(191, 'PAT - 016', 394, 'CODE', 101, '2010-10-27'),
(192, 'PAT - 016', 112, 'CODE', 102, '2011-01-01'),
(193, 'PAT - 016', 3, 'CODE', 102, '2011-01-01'),
(194, 'MON12', 7, 'CODE', 97, '2012-08-07'),
(195, 'EGON11', 6, 'CODE', 100, '2012-08-07'),
(196, 'TEST1', 4, 'CODE', 126, '2012-08-13'),
(197, 'TEST1', 6, 'CODE', 126, '2012-08-13'),
(199, 'TEST1', 2, 'CODE', 128, '2012-08-14'),
(200, 'TEST1', 7, 'CODE', 128, '2012-08-14');

-- --------------------------------------------------------

--
-- Table structure for table `patientinvestigation`
--

CREATE TABLE IF NOT EXISTS `patientinvestigation` (
  `id` int(11) NOT NULL AUTO_INCREMENT,
  `patientid` varchar(20) NOT NULL,
  `code` varchar(10) NOT NULL,
  `investigationid` int(11) NOT NULL,
  `Result` varchar(100) NOT NULL,
  `price` double NOT NULL,
  `quantity` int(11) DEFAULT NULL,
  `visitationid` int(11) NOT NULL,
  `note` varchar(250) DEFAULT NULL,
  `performed` varchar(20) NOT NULL,
  `date` date NOT NULL,
  PRIMARY KEY (`id`)
) ENGINE=MyISAM  DEFAULT CHARSET=latin1 AUTO_INCREMENT=310 ;

--
-- Dumping data for table `patientinvestigation`
--

INSERT INTO `patientinvestigation` (`id`, `patientid`, `code`, `investigationid`, `Result`, `price`, `quantity`, `visitationid`, `note`, `performed`, `date`) VALUES
(1, 'PAT - 00', 'CODE', 56, 'Negative', 12, 2, 1, 'Note', 'Yes', '2009-06-21'),
(2, 'PAT - 00', 'CODE', 94, 'Negative', 12, 2, 1, 'Note', 'Yes', '2009-06-21'),
(3, 'PAT - 00', 'CODE', 71, 'Negative', 12, 2, 1, 'Note', 'Yes', '2009-06-21'),
(4, 'PAT - 00', 'CODE', 104, 'Negative', 12, 1, 1, 'Note', 'Yes', '2009-06-21'),
(5, 'PAT - 00', 'CODE', 85, 'Negative', 12, 2, 2, 'Note', 'Yes', '2011-08-16'),
(6, 'PAT - 00', 'CODE', 11, 'Negative', 12, 2, 3, 'Note', 'Yes', '2009-07-12'),
(7, 'PAT - 00', 'CODE', 94, 'Negative', 12, 1, 3, 'Note', 'Yes', '2009-07-12'),
(8, 'PAT - 00', 'CODE', 80, 'Negative', 12, 1, 3, 'Note', 'Yes', '2009-07-12'),
(9, 'PAT - 00', 'CODE', 66, 'Negative', 12, 1, 3, 'Note', 'Yes', '2009-07-12'),
(10, 'PAT - 00', 'CODE', 41, 'Negative', 12, 1, 3, 'Note', 'Yes', '2009-07-12'),
(11, 'PAT - 00', 'CODE', 90, 'Negative', 12, 1, 4, 'Note', 'Yes', '2009-05-03'),
(12, 'PAT - 00', 'CODE', 45, 'Negative', 12, 1, 4, 'Note', 'Yes', '2009-05-03'),
(13, 'PAT - 00', 'CODE', 54, 'Negative', 12, 1, 4, 'Note', 'Yes', '2009-05-03'),
(14, 'PAT - 00', 'CODE', 22, 'Negative', 12, 1, 4, 'Note', 'Yes', '2009-05-03'),
(15, 'PAT - 00', 'CODE', 28, 'Negative', 12, 1, 5, 'Note', 'Yes', '2010-11-12'),
(16, 'PAT - 00', 'CODE', 92, 'Negative', 12, 1, 5, 'Note', 'Yes', '2010-11-12'),
(17, 'PAT - 00', 'CODE', 85, 'Negative', 12, 2, 5, 'Note', 'Yes', '2010-11-12'),
(18, 'PAT - 00', 'CODE', 56, 'Negative', 12, 2, 6, 'Note', 'Yes', '2011-07-06'),
(19, 'PAT - 00', 'CODE', 73, 'Negative', 12, 1, 6, 'Note', 'Yes', '2011-07-06'),
(20, 'PAT - 00', 'CODE', 10, 'Negative', 12, 2, 6, 'Note', 'Yes', '2011-07-06'),
(21, 'PAT - 01', 'CODE', 92, 'Negative', 12, 1, 7, 'Note', 'Yes', '2011-04-25'),
(22, 'PAT - 01', 'CODE', 30, 'Negative', 12, 2, 7, 'Note', 'Yes', '2011-04-25'),
(23, 'PAT - 01', 'CODE', 47, 'Negative', 12, 1, 7, 'Note', 'Yes', '2011-04-25'),
(24, 'PAT - 01', 'CODE', 59, 'Negative', 12, 1, 7, 'Note', 'Yes', '2011-04-25'),
(25, 'PAT - 01', 'CODE', 57, 'Negative', 12, 2, 8, 'Note', 'Yes', '2010-09-23'),
(26, 'PAT - 01', 'CODE', 89, 'Negative', 12, 1, 8, 'Note', 'Yes', '2010-09-23'),
(27, 'PAT - 01', 'CODE', 41, 'Negative', 12, 1, 9, 'Note', 'Yes', '2010-09-05'),
(28, 'PAT - 01', 'CODE', 103, 'Negative', 12, 2, 9, 'Note', 'Yes', '2010-09-05'),
(29, 'PAT - 01', 'CODE', 10, 'Negative', 12, 1, 9, 'Note', 'Yes', '2010-09-05'),
(30, 'PAT - 01', 'CODE', 17, 'Negative', 12, 1, 9, 'Note', 'Yes', '2010-09-05'),
(31, 'PAT - 01', 'CODE', 85, 'Negative', 12, 2, 9, 'Note', 'Yes', '2010-09-05'),
(32, 'PAT - 01', 'CODE', 59, 'Negative', 12, 1, 10, 'Note', 'Yes', '2010-07-10'),
(33, 'PAT - 01', 'CODE', 19, 'Negative', 12, 1, 10, 'Note', 'Yes', '2010-07-10'),
(34, 'PAT - 01', 'CODE', 31, 'Negative', 12, 1, 10, 'Note', 'Yes', '2010-07-10'),
(35, 'PAT - 01', 'CODE', 62, 'Negative', 12, 2, 11, 'Note', 'Yes', '2009-10-01'),
(36, 'PAT - 01', 'CODE', 21, 'Negative', 12, 1, 12, 'Note', 'Yes', '2010-09-26'),
(37, 'PAT - 01', 'CODE', 78, 'Negative', 12, 1, 12, 'Note', 'Yes', '2010-09-26'),
(38, 'PAT - 01', 'CODE', 9, 'Negative', 12, 1, 12, 'Note', 'Yes', '2010-09-26'),
(39, 'PAT - 02', 'CODE', 37, 'Negative', 12, 2, 13, 'Note', 'Yes', '2008-05-03'),
(40, 'PAT - 02', 'CODE', 46, 'Negative', 12, 2, 13, 'Note', 'Yes', '2008-05-03'),
(41, 'PAT - 02', 'CODE', 63, 'Negative', 12, 2, 13, 'Note', 'Yes', '2008-05-03'),
(42, 'PAT - 02', 'CODE', 97, 'Negative', 12, 1, 14, 'Note', 'Yes', '2011-07-09'),
(43, 'PAT - 02', 'CODE', 38, 'Negative', 12, 2, 14, 'Note', 'Yes', '2011-07-09'),
(44, 'PAT - 02', 'CODE', 66, 'Negative', 12, 1, 14, 'Note', 'Yes', '2011-07-09'),
(45, 'PAT - 02', 'CODE', 103, 'Negative', 12, 1, 14, 'Note', 'Yes', '2011-07-09'),
(46, 'PAT - 02', 'CODE', 33, 'Negative', 12, 2, 14, 'Note', 'Yes', '2011-07-09'),
(47, 'PAT - 02', 'CODE', 75, 'Negative', 12, 2, 15, 'Note', 'Yes', '2009-10-10'),
(48, 'PAT - 02', 'CODE', 24, 'Negative', 12, 2, 15, 'Note', 'Yes', '2009-10-10'),
(49, 'PAT - 02', 'CODE', 29, 'Negative', 12, 1, 15, 'Note', 'Yes', '2009-10-10'),
(50, 'PAT - 02', 'CODE', 45, 'Negative', 12, 2, 15, 'Note', 'Yes', '2009-10-10'),
(51, 'PAT - 02', 'CODE', 15, 'Negative', 12, 2, 16, 'Note', 'Yes', '2009-10-24'),
(52, 'PAT - 02', 'CODE', 72, 'Negative', 12, 2, 16, 'Note', 'Yes', '2009-10-24'),
(53, 'PAT - 02', 'CODE', 52, 'Negative', 12, 1, 16, 'Note', 'Yes', '2009-10-24'),
(54, 'PAT - 02', 'CODE', 95, 'Negative', 12, 1, 16, 'Note', 'Yes', '2009-10-24'),
(55, 'PAT - 02', 'CODE', 79, 'Negative', 12, 1, 16, 'Note', 'Yes', '2009-10-24'),
(56, 'PAT - 02', 'CODE', 65, 'Negative', 12, 2, 17, 'Note', 'Yes', '2010-04-16'),
(57, 'PAT - 02', 'CODE', 75, 'Negative', 12, 2, 17, 'Note', 'Yes', '2010-04-16'),
(58, 'PAT - 02', 'CODE', 31, 'Negative', 12, 2, 17, 'Note', 'Yes', '2010-04-16'),
(59, 'PAT - 02', 'CODE', 67, 'Negative', 12, 2, 17, 'Note', 'Yes', '2010-04-16'),
(60, 'PAT - 02', 'CODE', 52, 'Negative', 12, 2, 18, 'Note', 'Yes', '2010-08-14'),
(61, 'PAT - 02', 'CODE', 44, 'Negative', 12, 1, 18, 'Note', 'Yes', '2010-08-14'),
(62, 'PAT - 02', 'CODE', 60, 'Negative', 12, 2, 18, 'Note', 'Yes', '2010-08-14'),
(63, 'PAT - 03', 'CODE', 33, 'Negative', 12, 1, 19, 'Note', 'Yes', '2010-07-26'),
(64, 'PAT - 03', 'CODE', 59, 'Negative', 12, 1, 19, 'Note', 'Yes', '2010-07-26'),
(65, 'PAT - 03', 'CODE', 14, 'Negative', 12, 1, 19, 'Note', 'Yes', '2010-07-26'),
(66, 'PAT - 03', 'CODE', 67, 'Negative', 12, 1, 20, 'Note', 'Yes', '2010-03-01'),
(67, 'PAT - 03', 'CODE', 104, 'Negative', 12, 2, 20, 'Note', 'Yes', '2010-03-01'),
(68, 'PAT - 03', 'CODE', 66, 'Negative', 12, 1, 20, 'Note', 'Yes', '2010-03-01'),
(69, 'PAT - 03', 'CODE', 55, 'Negative', 12, 1, 20, 'Note', 'Yes', '2010-03-01'),
(70, 'PAT - 03', 'CODE', 44, 'Negative', 12, 2, 20, 'Note', 'Yes', '2010-03-01'),
(71, 'PAT - 03', 'CODE', 14, 'Negative', 12, 1, 21, 'Note', 'Yes', '2010-07-13'),
(72, 'PAT - 03', 'CODE', 35, 'Negative', 12, 2, 22, 'Note', 'Yes', '2010-02-06'),
(73, 'PAT - 03', 'CODE', 57, 'Negative', 12, 2, 22, 'Note', 'Yes', '2010-02-06'),
(74, 'PAT - 03', 'CODE', 47, 'Negative', 12, 2, 22, 'Note', 'Yes', '2010-02-06'),
(75, 'PAT - 03', 'CODE', 29, 'Negative', 12, 2, 22, 'Note', 'Yes', '2010-02-06'),
(76, 'PAT - 03', 'CODE', 48, 'Negative', 12, 2, 23, 'Note', 'Yes', '2011-12-17'),
(77, 'PAT - 03', 'CODE', 34, 'Negative', 12, 2, 23, 'Note', 'Yes', '2011-12-17'),
(78, 'PAT - 03', 'CODE', 96, 'Negative', 12, 2, 23, 'Note', 'Yes', '2011-12-17'),
(79, 'PAT - 03', 'CODE', 76, 'Negative', 12, 2, 23, 'Note', 'Yes', '2011-12-17'),
(80, 'PAT - 03', 'CODE', 97, 'Negative', 12, 1, 24, 'Note', 'Yes', '2009-08-25'),
(81, 'PAT - 03', 'CODE', 59, 'Negative', 12, 1, 24, 'Note', 'Yes', '2009-08-25'),
(82, 'PAT - 03', 'CODE', 73, 'Negative', 12, 1, 24, 'Note', 'Yes', '2009-08-25'),
(83, 'PAT - 03', 'CODE', 106, 'Negative', 12, 2, 24, 'Note', 'Yes', '2009-08-25'),
(84, 'PAT - 04', 'CODE', 55, 'Negative', 12, 2, 25, 'Note', 'Yes', '2010-06-02'),
(85, 'PAT - 04', 'CODE', 81, 'Negative', 12, 1, 26, 'Note', 'Yes', '2010-05-29'),
(86, 'PAT - 04', 'CODE', 71, 'Negative', 12, 2, 26, 'Note', 'Yes', '2010-05-29'),
(87, 'PAT - 04', 'CODE', 76, 'Negative', 12, 1, 26, 'Note', 'Yes', '2010-05-29'),
(88, 'PAT - 04', 'CODE', 85, 'Negative', 12, 2, 26, 'Note', 'Yes', '2010-05-29'),
(89, 'PAT - 04', 'CODE', 70, 'Negative', 12, 2, 26, 'Note', 'Yes', '2010-05-29'),
(90, 'PAT - 04', 'CODE', 104, 'Negative', 12, 1, 27, 'Note', 'Yes', '2011-02-18'),
(91, 'PAT - 04', 'CODE', 82, 'Negative', 12, 1, 28, 'Note', 'Yes', '2008-05-24'),
(92, 'PAT - 04', 'CODE', 32, 'Negative', 12, 1, 28, 'Note', 'Yes', '2008-05-24'),
(93, 'PAT - 04', 'CODE', 74, 'Negative', 12, 2, 29, 'Note', 'Yes', '2009-11-13'),
(94, 'PAT - 04', 'CODE', 14, 'Negative', 12, 2, 30, 'Note', 'Yes', '2008-09-19'),
(95, 'PAT - 04', 'CODE', 64, 'Negative', 12, 1, 30, 'Note', 'Yes', '2008-09-19'),
(96, 'PAT - 04', 'CODE', 85, 'Negative', 12, 1, 30, 'Note', 'Yes', '2008-09-19'),
(97, 'PAT - 05', 'CODE', 16, 'Negative', 12, 2, 31, 'Note', 'Yes', '2010-04-10'),
(98, 'PAT - 05', 'CODE', 28, 'Negative', 12, 1, 31, 'Note', 'Yes', '2010-04-10'),
(99, 'PAT - 05', 'CODE', 66, 'Negative', 12, 1, 31, 'Note', 'Yes', '2010-04-10'),
(100, 'PAT - 05', 'CODE', 105, 'Negative', 12, 1, 31, 'Note', 'Yes', '2010-04-10'),
(101, 'PAT - 05', 'CODE', 42, 'Negative', 12, 1, 32, 'Note', 'Yes', '2008-02-17'),
(102, 'PAT - 05', 'CODE', 78, 'Negative', 12, 1, 32, 'Note', 'Yes', '2008-02-17'),
(103, 'PAT - 05', 'CODE', 78, 'Negative', 12, 2, 33, 'Note', 'Yes', '2011-03-03'),
(104, 'PAT - 05', 'CODE', 76, 'Negative', 12, 2, 33, 'Note', 'Yes', '2011-03-03'),
(105, 'PAT - 05', 'CODE', 17, 'Negative', 12, 1, 34, 'Note', 'Yes', '2011-10-15'),
(106, 'PAT - 05', 'CODE', 48, 'Negative', 12, 2, 34, 'Note', 'Yes', '2011-10-15'),
(107, 'PAT - 05', 'CODE', 18, 'Negative', 12, 2, 34, 'Note', 'Yes', '2011-10-15'),
(108, 'PAT - 05', 'CODE', 70, 'Negative', 12, 1, 34, 'Note', 'Yes', '2011-10-15'),
(109, 'PAT - 05', 'CODE', 56, 'Negative', 12, 1, 35, 'Note', 'Yes', '2009-08-18'),
(110, 'PAT - 05', 'CODE', 102, 'Negative', 12, 2, 35, 'Note', 'Yes', '2009-08-18'),
(111, 'PAT - 05', 'CODE', 16, 'Negative', 12, 1, 35, 'Note', 'Yes', '2009-08-18'),
(112, 'PAT - 05', 'CODE', 69, 'Negative', 12, 2, 35, 'Note', 'Yes', '2009-08-18'),
(113, 'PAT - 05', 'CODE', 79, 'Negative', 12, 1, 36, 'Note', 'Yes', '2011-01-02'),
(114, 'PAT - 05', 'CODE', 32, 'Negative', 12, 2, 36, 'Note', 'Yes', '2011-01-02'),
(115, 'PAT - 05', 'CODE', 68, 'Negative', 12, 1, 36, 'Note', 'Yes', '2011-01-02'),
(116, 'PAT - 05', 'CODE', 32, 'Negative', 12, 2, 36, 'Note', 'Yes', '2011-01-02'),
(117, 'PAT - 06', 'CODE', 13, 'Negative', 12, 1, 37, 'Note', 'Yes', '2011-03-28'),
(118, 'PAT - 06', 'CODE', 47, 'Negative', 12, 1, 38, 'Note', 'Yes', '2009-07-11'),
(119, 'PAT - 06', 'CODE', 34, 'Negative', 12, 2, 38, 'Note', 'Yes', '2009-07-11'),
(120, 'PAT - 06', 'CODE', 46, 'Negative', 12, 1, 38, 'Note', 'Yes', '2009-07-11'),
(121, 'PAT - 06', 'CODE', 90, 'Negative', 12, 1, 38, 'Note', 'Yes', '2009-07-11'),
(122, 'PAT - 06', 'CODE', 19, 'Negative', 12, 1, 39, 'Note', 'Yes', '2010-06-26'),
(123, 'PAT - 06', 'CODE', 105, 'Negative', 12, 1, 39, 'Note', 'Yes', '2010-06-26'),
(124, 'PAT - 06', 'CODE', 40, 'Negative', 12, 2, 39, 'Note', 'Yes', '2010-06-26'),
(125, 'PAT - 06', 'CODE', 99, 'Negative', 12, 2, 39, 'Note', 'Yes', '2010-06-26'),
(126, 'PAT - 06', 'CODE', 73, 'Negative', 12, 1, 40, 'Note', 'Yes', '2011-03-26'),
(127, 'PAT - 06', 'CODE', 25, 'Negative', 12, 1, 40, 'Note', 'Yes', '2011-03-26'),
(128, 'PAT - 06', 'CODE', 91, 'Negative', 12, 2, 41, 'Note', 'Yes', '2008-02-13'),
(129, 'PAT - 06', 'CODE', 53, 'Negative', 12, 2, 41, 'Note', 'Yes', '2008-02-13'),
(130, 'PAT - 06', 'CODE', 97, 'Negative', 12, 2, 41, 'Note', 'Yes', '2008-02-13'),
(131, 'PAT - 06', 'CODE', 102, 'Negative', 12, 1, 41, 'Note', 'Yes', '2008-02-13'),
(132, 'PAT - 06', 'CODE', 68, 'Negative', 12, 1, 41, 'Note', 'Yes', '2008-02-13'),
(133, 'PAT - 06', 'CODE', 17, 'Negative', 12, 1, 42, 'Note', 'Yes', '2011-07-16'),
(134, 'PAT - 06', 'CODE', 38, 'Negative', 12, 2, 42, 'Note', 'Yes', '2011-07-16'),
(135, 'PAT - 07', 'CODE', 99, 'Negative', 12, 2, 43, 'Note', 'Yes', '2010-10-28'),
(136, 'PAT - 07', 'CODE', 87, 'Negative', 12, 2, 43, 'Note', 'Yes', '2010-10-28'),
(137, 'PAT - 07', 'CODE', 46, 'Negative', 12, 2, 44, 'Note', 'Yes', '2008-05-25'),
(138, 'PAT - 07', 'CODE', 17, 'Negative', 12, 1, 47, 'Note', 'Yes', '2009-11-15'),
(139, 'PAT - 07', 'CODE', 81, 'Negative', 12, 2, 47, 'Note', 'Yes', '2009-11-15'),
(140, 'PAT - 07', 'CODE', 41, 'Negative', 12, 2, 48, 'Note', 'Yes', '2010-06-12'),
(141, 'PAT - 07', 'CODE', 92, 'Negative', 12, 2, 48, 'Note', 'Yes', '2010-06-12'),
(142, 'PAT - 07', 'CODE', 12, 'Negative', 12, 2, 48, 'Note', 'Yes', '2010-06-12'),
(143, 'PAT - 07', 'CODE', 84, 'Negative', 12, 2, 48, 'Note', 'Yes', '2010-06-12'),
(144, 'PAT - 07', 'CODE', 94, 'Negative', 12, 2, 48, 'Note', 'Yes', '2010-06-12'),
(145, 'PAT - 08', 'CODE', 41, 'Negative', 12, 2, 49, 'Note', 'Yes', '2011-12-11'),
(146, 'PAT - 08', 'CODE', 52, 'Negative', 12, 2, 49, 'Note', 'Yes', '2011-12-11'),
(147, 'PAT - 08', 'CODE', 101, 'Negative', 12, 2, 50, 'Note', 'Yes', '2009-11-21'),
(148, 'PAT - 08', 'CODE', 78, 'Negative', 12, 2, 50, 'Note', 'Yes', '2009-11-21'),
(149, 'PAT - 08', 'CODE', 44, 'Negative', 12, 2, 51, 'Note', 'Yes', '2009-07-24'),
(150, 'PAT - 08', 'CODE', 15, 'Negative', 12, 2, 51, 'Note', 'Yes', '2009-07-24'),
(151, 'PAT - 08', 'CODE', 30, 'Negative', 12, 2, 51, 'Note', 'Yes', '2009-07-24'),
(152, 'PAT - 08', 'CODE', 40, 'Negative', 12, 1, 52, 'Note', 'Yes', '2009-10-05'),
(153, 'PAT - 08', 'CODE', 50, 'Negative', 12, 2, 53, 'Note', 'Yes', '2011-07-21'),
(154, 'PAT - 08', 'CODE', 66, 'Negative', 12, 2, 53, 'Note', 'Yes', '2011-07-21'),
(155, 'PAT - 08', 'CODE', 89, 'Negative', 12, 1, 53, 'Note', 'Yes', '2011-07-21'),
(156, 'PAT - 08', 'CODE', 94, 'Negative', 12, 2, 53, 'Note', 'Yes', '2011-07-21'),
(157, 'PAT - 08', 'CODE', 14, 'Negative', 12, 2, 54, 'Note', 'Yes', '2009-06-17'),
(158, 'PAT - 09', 'CODE', 39, 'Negative', 12, 1, 55, 'Note', 'Yes', '2009-12-12'),
(159, 'PAT - 09', 'CODE', 18, 'Negative', 12, 1, 55, 'Note', 'Yes', '2009-12-12'),
(160, 'PAT - 09', 'CODE', 82, 'Negative', 12, 2, 56, 'Note', 'Yes', '2010-06-05'),
(161, 'PAT - 09', 'CODE', 40, 'Negative', 12, 2, 56, 'Note', 'Yes', '2010-06-05'),
(162, 'PAT - 09', 'CODE', 96, 'Negative', 12, 2, 56, 'Note', 'Yes', '2010-06-05'),
(163, 'PAT - 09', 'CODE', 33, 'Negative', 12, 2, 56, 'Note', 'Yes', '2010-06-05'),
(164, 'PAT - 09', 'CODE', 91, 'Negative', 12, 2, 56, 'Note', 'Yes', '2010-06-05'),
(165, 'PAT - 09', 'CODE', 98, 'Negative', 12, 1, 57, 'Note', 'Yes', '2008-12-08'),
(166, 'PAT - 09', 'CODE', 65, 'Negative', 12, 1, 57, 'Note', 'Yes', '2008-12-08'),
(167, 'PAT - 09', 'CODE', 60, 'Negative', 12, 2, 57, 'Note', 'Yes', '2008-12-08'),
(168, 'PAT - 09', 'CODE', 84, 'Negative', 12, 1, 58, 'Note', 'Yes', '2011-04-07'),
(169, 'PAT - 09', 'CODE', 55, 'Negative', 12, 2, 58, 'Note', 'Yes', '2011-04-07'),
(170, 'PAT - 09', 'CODE', 88, 'Negative', 12, 1, 58, 'Note', 'Yes', '2011-04-07'),
(171, 'PAT - 09', 'CODE', 85, 'Negative', 12, 2, 58, 'Note', 'Yes', '2011-04-07'),
(172, 'PAT - 09', 'CODE', 82, 'Negative', 12, 2, 59, 'Note', 'Yes', '2010-03-23'),
(173, 'PAT - 09', 'CODE', 15, 'Negative', 12, 1, 59, 'Note', 'Yes', '2010-03-23'),
(174, 'PAT - 09', 'CODE', 25, 'Negative', 12, 2, 60, 'Note', 'Yes', '2010-02-12'),
(175, 'PAT - 09', 'CODE', 65, 'Negative', 12, 2, 60, 'Note', 'Yes', '2010-02-12'),
(176, 'PAT - 09', 'CODE', 43, 'Negative', 12, 2, 60, 'Note', 'Yes', '2010-02-12'),
(177, 'PAT - 09', 'CODE', 37, 'Negative', 12, 1, 60, 'Note', 'Yes', '2010-02-12'),
(178, 'PAT - 010', 'CODE', 85, 'Negative', 12, 1, 61, 'Note', 'Yes', '2010-07-30'),
(179, 'PAT - 010', 'CODE', 48, 'Negative', 12, 2, 61, 'Note', 'Yes', '2010-07-30'),
(180, 'PAT - 010', 'CODE', 106, 'Negative', 12, 2, 61, 'Note', 'Yes', '2010-07-30'),
(181, 'PAT - 010', 'CODE', 81, 'Negative', 12, 2, 61, 'Note', 'Yes', '2010-07-30'),
(182, 'PAT - 010', 'CODE', 54, 'Negative', 12, 2, 62, 'Note', 'Yes', '2010-03-04'),
(183, 'PAT - 010', 'CODE', 34, 'Negative', 12, 1, 62, 'Note', 'Yes', '2010-03-04'),
(184, 'PAT - 010', 'CODE', 37, 'Negative', 12, 1, 62, 'Note', 'Yes', '2010-03-04'),
(185, 'PAT - 010', 'CODE', 17, 'Negative', 12, 2, 63, 'Note', 'Yes', '2009-08-11'),
(186, 'PAT - 010', 'CODE', 79, 'Negative', 12, 1, 63, 'Note', 'Yes', '2009-08-11'),
(187, 'PAT - 010', 'CODE', 74, 'Negative', 12, 2, 63, 'Note', 'Yes', '2009-08-11'),
(188, 'PAT - 010', 'CODE', 66, 'Negative', 12, 1, 64, 'Note', 'Yes', '2009-03-23'),
(189, 'PAT - 010', 'CODE', 37, 'Negative', 12, 2, 64, 'Note', 'Yes', '2009-03-23'),
(190, 'PAT - 010', 'CODE', 43, 'Negative', 12, 1, 64, 'Note', 'Yes', '2009-03-23'),
(191, 'PAT - 010', 'CODE', 87, 'Negative', 12, 1, 65, 'Note', 'Yes', '2010-02-07'),
(192, 'PAT - 010', 'CODE', 81, 'Negative', 12, 1, 65, 'Note', 'Yes', '2010-02-07'),
(193, 'PAT - 010', 'CODE', 63, 'Negative', 12, 2, 65, 'Note', 'Yes', '2010-02-07'),
(194, 'PAT - 010', 'CODE', 19, 'Negative', 12, 2, 65, 'Note', 'Yes', '2010-02-07'),
(195, 'PAT - 010', 'CODE', 20, 'Negative', 12, 1, 66, 'Note', 'Yes', '2008-11-20'),
(196, 'PAT - 011', 'CODE', 12, 'Negative', 12, 1, 67, 'Note', 'Yes', '2008-04-09'),
(197, 'PAT - 011', 'CODE', 14, 'Negative', 12, 2, 67, 'Note', 'Yes', '2008-04-09'),
(198, 'PAT - 011', 'CODE', 101, 'Negative', 12, 2, 68, 'Note', 'Yes', '2009-02-15'),
(199, 'PAT - 011', 'CODE', 35, 'Negative', 12, 1, 69, 'Note', 'Yes', '2009-07-07'),
(200, 'PAT - 011', 'CODE', 30, 'Negative', 12, 2, 69, 'Note', 'Yes', '2009-07-07'),
(201, 'PAT - 011', 'CODE', 92, 'Negative', 12, 2, 69, 'Note', 'Yes', '2009-07-07'),
(202, 'PAT - 011', 'CODE', 49, 'Negative', 12, 2, 70, 'Note', 'Yes', '2009-10-24'),
(203, 'PAT - 011', 'CODE', 61, 'Negative', 12, 1, 71, 'Note', 'Yes', '2009-10-01'),
(204, 'PAT - 011', 'CODE', 68, 'Negative', 12, 2, 71, 'Note', 'Yes', '2009-10-01'),
(205, 'PAT - 011', 'CODE', 81, 'Negative', 12, 2, 71, 'Note', 'Yes', '2009-10-01'),
(206, 'PAT - 011', 'CODE', 29, 'Negative', 12, 2, 72, 'Note', 'Yes', '2011-04-20'),
(207, 'PAT - 011', 'CODE', 20, 'Negative', 12, 2, 72, 'Note', 'Yes', '2011-04-20'),
(208, 'PAT - 011', 'CODE', 101, 'Negative', 12, 2, 72, 'Note', 'Yes', '2011-04-20'),
(209, 'PAT - 011', 'CODE', 97, 'Negative', 12, 2, 72, 'Note', 'Yes', '2011-04-20'),
(210, 'PAT - 012', 'CODE', 41, 'Negative', 12, 2, 73, 'Note', 'Yes', '2009-04-29'),
(211, 'PAT - 012', 'CODE', 32, 'Negative', 12, 2, 73, 'Note', 'Yes', '2009-04-29'),
(212, 'PAT - 012', 'CODE', 55, 'Negative', 12, 1, 73, 'Note', 'Yes', '2009-04-29'),
(213, 'PAT - 012', 'CODE', 90, 'Negative', 12, 1, 74, 'Note', 'Yes', '2009-02-24'),
(214, 'PAT - 012', 'CODE', 71, 'Negative', 12, 1, 74, 'Note', 'Yes', '2009-02-24'),
(215, 'PAT - 012', 'CODE', 96, 'Negative', 12, 1, 74, 'Note', 'Yes', '2009-02-24'),
(216, 'PAT - 012', 'CODE', 106, 'Negative', 12, 2, 74, 'Note', 'Yes', '2009-02-24'),
(217, 'PAT - 012', 'CODE', 27, 'Negative', 12, 2, 74, 'Note', 'Yes', '2009-02-24'),
(218, 'PAT - 012', 'CODE', 32, 'Negative', 12, 2, 75, 'Note', 'Yes', '2011-04-13'),
(219, 'PAT - 012', 'CODE', 59, 'Negative', 12, 2, 76, 'Note', 'Yes', '2009-12-03'),
(220, 'PAT - 012', 'CODE', 62, 'Negative', 12, 2, 76, 'Note', 'Yes', '2009-12-03'),
(221, 'PAT - 012', 'CODE', 76, 'Negative', 12, 1, 76, 'Note', 'Yes', '2009-12-03'),
(222, 'PAT - 012', 'CODE', 89, 'Negative', 12, 2, 76, 'Note', 'Yes', '2009-12-03'),
(223, 'PAT - 012', 'CODE', 101, 'Negative', 12, 2, 77, 'Note', 'Yes', '2010-10-23'),
(224, 'PAT - 012', 'CODE', 11, 'Negative', 12, 1, 77, 'Note', 'Yes', '2010-10-23'),
(225, 'PAT - 012', 'CODE', 68, 'Negative', 12, 2, 77, 'Note', 'Yes', '2010-10-23'),
(226, 'PAT - 012', 'CODE', 53, 'Negative', 12, 2, 77, 'Note', 'Yes', '2010-10-23'),
(227, 'PAT - 012', 'CODE', 86, 'Negative', 12, 1, 77, 'Note', 'Yes', '2010-10-23'),
(228, 'PAT - 012', 'CODE', 18, 'Negative', 12, 1, 78, 'Note', 'Yes', '2008-01-07'),
(229, 'PAT - 012', 'CODE', 32, 'Negative', 12, 2, 78, 'Note', 'Yes', '2008-01-07'),
(230, 'PAT - 012', 'CODE', 37, 'Negative', 12, 1, 78, 'Note', 'Yes', '2008-01-07'),
(231, 'PAT - 012', 'CODE', 51, 'Negative', 12, 1, 78, 'Note', 'Yes', '2008-01-07'),
(232, 'PAT - 013', 'CODE', 78, 'Negative', 12, 1, 79, 'Note', 'Yes', '2010-12-03'),
(233, 'PAT - 013', 'CODE', 69, 'Negative', 12, 2, 79, 'Note', 'Yes', '2010-12-03'),
(234, 'PAT - 013', 'CODE', 34, 'Negative', 12, 1, 79, 'Note', 'Yes', '2010-12-03'),
(235, 'PAT - 013', 'CODE', 19, 'Negative', 12, 2, 80, 'Note', 'Yes', '2008-02-23'),
(236, 'PAT - 013', 'CODE', 68, 'Negative', 12, 1, 80, 'Note', 'Yes', '2008-02-23'),
(237, 'PAT - 013', 'CODE', 96, 'Negative', 12, 2, 80, 'Note', 'Yes', '2008-02-23'),
(238, 'PAT - 013', 'CODE', 35, 'Negative', 12, 1, 81, 'Note', 'Yes', '2009-10-30'),
(239, 'PAT - 013', 'CODE', 27, 'Negative', 12, 1, 81, 'Note', 'Yes', '2009-10-30'),
(240, 'PAT - 013', 'CODE', 18, 'Negative', 12, 2, 82, 'Note', 'Yes', '2009-06-30'),
(241, 'PAT - 013', 'CODE', 61, 'Negative', 12, 1, 82, 'Note', 'Yes', '2009-06-30'),
(242, 'PAT - 013', 'CODE', 11, 'Negative', 12, 1, 83, 'Note', 'Yes', '2009-11-25'),
(243, 'PAT - 013', 'CODE', 81, 'Negative', 12, 2, 83, 'Note', 'Yes', '2009-11-25'),
(244, 'PAT - 013', 'CODE', 87, 'Negative', 12, 2, 84, 'Note', 'Yes', '2010-04-30'),
(245, 'PAT - 014', 'CODE', 69, 'Negative', 12, 1, 85, 'Note', 'Yes', '2011-02-23'),
(246, 'PAT - 014', 'CODE', 100, 'Negative', 12, 1, 85, 'Note', 'Yes', '2011-02-23'),
(247, 'PAT - 014', 'CODE', 104, 'Negative', 12, 2, 86, 'Note', 'Yes', '2010-03-16'),
(248, 'PAT - 014', 'CODE', 71, 'Negative', 12, 1, 86, 'Note', 'Yes', '2010-03-16'),
(249, 'PAT - 014', 'CODE', 85, 'Negative', 12, 1, 86, 'Note', 'Yes', '2010-03-16'),
(250, 'PAT - 014', 'CODE', 61, 'Negative', 12, 2, 87, 'Note', 'Yes', '2010-03-29'),
(251, 'PAT - 014', 'CODE', 106, 'Negative', 12, 2, 87, 'Note', 'Yes', '2010-03-29'),
(252, 'PAT - 014', 'CODE', 9, 'Negative', 12, 2, 87, 'Note', 'Yes', '2010-03-29'),
(253, 'PAT - 014', 'CODE', 68, 'Negative', 12, 2, 87, 'Note', 'Yes', '2010-03-29'),
(254, 'PAT - 014', 'CODE', 101, 'Negative', 12, 1, 87, 'Note', 'Yes', '2010-03-29'),
(255, 'PAT - 014', 'CODE', 78, 'Negative', 12, 2, 88, 'Note', 'Yes', '2010-08-20'),
(256, 'PAT - 014', 'CODE', 46, 'Negative', 12, 1, 88, 'Note', 'Yes', '2010-08-20'),
(257, 'PAT - 014', 'CODE', 83, 'Negative', 12, 1, 88, 'Note', 'Yes', '2010-08-20'),
(258, 'PAT - 014', 'CODE', 99, 'Negative', 12, 1, 88, 'Note', 'Yes', '2010-08-20'),
(259, 'PAT - 014', 'CODE', 15, 'Negative', 12, 1, 88, 'Note', 'Yes', '2010-08-20'),
(260, 'PAT - 014', 'CODE', 17, 'Negative', 12, 2, 89, 'Note', 'Yes', '2010-09-30'),
(261, 'PAT - 014', 'CODE', 22, 'Negative', 12, 1, 89, 'Note', 'Yes', '2010-09-30'),
(262, 'PAT - 014', 'CODE', 46, 'Negative', 12, 2, 89, 'Note', 'Yes', '2010-09-30'),
(263, 'PAT - 014', 'CODE', 71, 'Negative', 12, 2, 90, 'Note', 'Yes', '2009-03-28'),
(264, 'PAT - 014', 'CODE', 92, 'Negative', 12, 2, 90, 'Note', 'Yes', '2009-03-28'),
(265, 'PAT - 014', 'CODE', 44, 'Negative', 12, 1, 90, 'Note', 'Yes', '2009-03-28'),
(266, 'PAT - 015', 'CODE', 72, 'Negative', 12, 1, 91, 'Note', 'Yes', '2009-06-14'),
(267, 'PAT - 015', 'CODE', 76, 'Negative', 12, 1, 91, 'Note', 'Yes', '2009-06-14'),
(268, 'PAT - 015', 'CODE', 94, 'Negative', 12, 1, 91, 'Note', 'Yes', '2009-06-14'),
(269, 'PAT - 015', 'CODE', 91, 'Negative', 12, 2, 92, 'Note', 'Yes', '2010-10-09'),
(270, 'PAT - 015', 'CODE', 50, 'Negative', 12, 1, 92, 'Note', 'Yes', '2010-10-09'),
(271, 'PAT - 015', 'CODE', 43, 'Negative', 12, 1, 92, 'Note', 'Yes', '2010-10-09'),
(272, 'PAT - 015', 'CODE', 69, 'Negative', 12, 2, 93, 'Note', 'Yes', '2011-09-20'),
(273, 'PAT - 015', 'CODE', 94, 'Negative', 12, 2, 93, 'Note', 'Yes', '2011-09-20'),
(274, 'PAT - 015', 'CODE', 77, 'Negative', 12, 2, 93, 'Note', 'Yes', '2011-09-20'),
(275, 'PAT - 015', 'CODE', 41, 'Negative', 12, 1, 93, 'Note', 'Yes', '2011-09-20'),
(276, 'PAT - 015', 'CODE', 25, 'Negative', 12, 1, 94, 'Note', 'Yes', '2010-04-23'),
(277, 'PAT - 015', 'CODE', 105, 'Negative', 12, 1, 94, 'Note', 'Yes', '2010-04-23'),
(278, 'PAT - 015', 'CODE', 32, 'Negative', 12, 1, 95, 'Note', 'Yes', '2009-04-12'),
(279, 'PAT - 015', 'CODE', 49, 'Negative', 12, 2, 95, 'Note', 'Yes', '2009-04-12'),
(280, 'PAT - 015', 'CODE', 24, 'Negative', 12, 1, 95, 'Note', 'Yes', '2009-04-12'),
(281, 'PAT - 015', 'CODE', 92, 'positive', 12, 1, 96, 'Note', 'yes', '2010-06-20'),
(282, 'PAT - 015', 'CODE', 41, 'negative', 12, 2, 96, 'Note', 'yes', '2010-06-20'),
(283, 'PAT - 016', 'CODE', 35, 'positive', 12, 1, 97, 'Note', 'yes', '2009-02-18'),
(284, 'PAT - 016', 'CODE', 59, 'Negative', 12, 1, 98, 'Note', 'Yes', '2009-09-26'),
(285, 'PAT - 016', 'CODE', 101, 'Negative', 12, 1, 98, 'Note', 'Yes', '2009-09-26'),
(286, 'PAT - 016', 'CODE', 90, 'Negative', 12, 2, 98, 'Note', 'Yes', '2009-09-26'),
(287, 'PAT - 016', 'CODE', 17, 'Negative', 12, 2, 99, 'Note', 'Yes', '2010-12-17'),
(288, 'PAT - 016', 'CODE', 55, 'positive', 12, 1, 100, 'Note', 'yes', '2010-06-06'),
(289, 'PAT - 016', 'CODE', 77, 'positive', 12, 1, 100, 'Note', 'yes', '2010-06-06'),
(290, 'PAT - 016', 'CODE', 90, 'Negative', 12, 2, 101, 'Note', 'Yes', '2010-10-27'),
(291, 'PAT - 016', 'CODE', 96, 'Negative', 12, 1, 102, 'Note', 'Yes', '2011-01-01'),
(292, 'PAT - 016', 'CODE', 54, 'Negative', 12, 2, 102, 'Note', 'Yes', '2011-01-01'),
(293, 'PAT - 016', 'CODE', 84, 'Negative', 12, 1, 102, 'Note', 'Yes', '2011-01-01'),
(294, 'PAT - 016', 'CODE', 47, 'Negative', 12, 1, 102, 'Note', 'Yes', '2011-01-01'),
(295, 'PAT - 016', 'CODE', 14, 'Negative', 12, 2, 102, 'Note', 'Yes', '2011-01-01'),
(296, 'pat1001', 'CODE', 14, 'positive', 0, 0, 96, '', 'yes', '2012-08-07'),
(297, 'pat1001', 'CODE', 17, 'negative', 0, 0, 96, '', 'yes', '2012-08-07'),
(298, 'MON12', 'CODE', 15, 'positive', 6, 0, 97, '', 'yes', '2012-08-07'),
(299, 'MON12', 'CODE', 20, 'negative', 19, 0, 97, '', 'yes', '2012-08-07'),
(300, 'EGON11', 'CODE', 25, 'negative', 3, 0, 100, '', 'yes', '2012-08-07'),
(301, 'EGON11', 'CODE', 24, 'negative', 16, 0, 100, '', 'yes', '2012-08-07'),
(302, 'TEST1', 'CODE', 13, '', 16, 0, 126, '', '', '2012-08-13'),
(303, 'TEST1', 'CODE', 12, '', 12, 0, 126, '', '', '2012-08-13'),
(309, 'TEST1', 'CODE', 16, 'negative', 15, 0, 128, '', 'yes', '2012-08-14'),
(308, 'TEST1', 'CODE', 12, 'positive', 12, 0, 128, '', 'yes', '2012-08-14');

-- --------------------------------------------------------

--
-- Table structure for table `patienttreatment`
--

CREATE TABLE IF NOT EXISTS `patienttreatment` (
  `id` int(11) NOT NULL AUTO_INCREMENT,
  `patientid` varchar(20) NOT NULL,
  `code` varchar(10) NOT NULL,
  `treatmentid` int(11) NOT NULL,
  `dosage` varchar(100) NOT NULL,
  `visitationid` int(11) NOT NULL,
  `date` date NOT NULL,
  `price` double NOT NULL,
  `quantity` int(11) DEFAULT NULL,
  `type` varchar(10) DEFAULT NULL,
  `note` varchar(250) DEFAULT NULL,
  `dispensed` varchar(5) NOT NULL,
  PRIMARY KEY (`id`)
) ENGINE=MyISAM  DEFAULT CHARSET=latin1 AUTO_INCREMENT=327 ;

--
-- Dumping data for table `patienttreatment`
--

INSERT INTO `patienttreatment` (`id`, `patientid`, `code`, `treatmentid`, `dosage`, `visitationid`, `date`, `price`, `quantity`, `type`, `note`, `dispensed`) VALUES
(1, 'PAT - 00', 'CODE', 971, '100MG', 1, '2009-06-21', 12, 3, 'Type', 'Note', 'yes'),
(2, 'PAT - 00', 'CODE', 1502, '100MG', 1, '2009-06-21', 12, 5, 'Type', 'Note', 'yes'),
(3, 'PAT - 00', 'CODE', 1196, '100MG', 1, '2009-06-21', 12, 5, 'Type', 'Note', 'yes'),
(4, 'PAT - 00', 'CODE', 825, '100MG', 1, '2009-06-21', 12, 5, 'Type', 'Note', 'yes'),
(5, 'PAT - 00', 'CODE', 462, '100MG', 1, '2009-06-21', 12, 5, 'Type', 'Note', 'yes'),
(6, 'PAT - 00', 'CODE', 362, '100MG', 2, '2011-08-16', 12, 3, 'Type', 'Note', 'yes'),
(7, 'PAT - 00', 'CODE', 1360, '100MG', 3, '2009-07-12', 12, 4, 'Type', 'Note', 'yes'),
(8, 'PAT - 00', 'CODE', 406, '100MG', 3, '2009-07-12', 12, 3, 'Type', 'Note', 'yes'),
(9, 'PAT - 00', 'CODE', 705, '100MG', 4, '2009-05-03', 12, 5, 'Type', 'Note', 'yes'),
(10, 'PAT - 00', 'CODE', 209, '100MG', 4, '2009-05-03', 12, 2, 'Type', 'Note', 'yes'),
(11, 'PAT - 00', 'CODE', 685, '100MG', 4, '2009-05-03', 12, 5, 'Type', 'Note', 'yes'),
(12, 'PAT - 00', 'CODE', 1129, '100MG', 4, '2009-05-03', 12, 4, 'Type', 'Note', 'yes'),
(13, 'PAT - 00', 'CODE', 373, '100MG', 5, '2010-11-12', 12, 3, 'Type', 'Note', 'yes'),
(14, 'PAT - 00', 'CODE', 493, '100MG', 5, '2010-11-12', 12, 3, 'Type', 'Note', 'yes'),
(15, 'PAT - 00', 'CODE', 1777, '100MG', 5, '2010-11-12', 12, 3, 'Type', 'Note', 'yes'),
(16, 'PAT - 00', 'CODE', 529, '100MG', 5, '2010-11-12', 12, 5, 'Type', 'Note', 'yes'),
(17, 'PAT - 00', 'CODE', 1875, '100MG', 5, '2010-11-12', 12, 2, 'Type', 'Note', 'yes'),
(18, 'PAT - 00', 'CODE', 956, '100MG', 6, '2011-07-06', 12, 2, 'Type', 'Note', 'yes'),
(19, 'PAT - 00', 'CODE', 619, '100MG', 6, '2011-07-06', 12, 2, 'Type', 'Note', 'yes'),
(20, 'PAT - 00', 'CODE', 867, '100MG', 6, '2011-07-06', 12, 5, 'Type', 'Note', 'yes'),
(21, 'PAT - 01', 'CODE', 1793, '100MG', 7, '2011-04-25', 12, 3, 'Type', 'Note', 'yes'),
(22, 'PAT - 01', 'CODE', 1462, '100MG', 7, '2011-04-25', 12, 3, 'Type', 'Note', 'yes'),
(23, 'PAT - 01', 'CODE', 881, '100MG', 8, '2010-09-23', 12, 4, 'Type', 'Note', 'yes'),
(24, 'PAT - 01', 'CODE', 146, '100MG', 8, '2010-09-23', 12, 4, 'Type', 'Note', 'yes'),
(25, 'PAT - 01', 'CODE', 822, '100MG', 8, '2010-09-23', 12, 2, 'Type', 'Note', 'yes'),
(26, 'PAT - 01', 'CODE', 448, '100MG', 8, '2010-09-23', 12, 5, 'Type', 'Note', 'yes'),
(27, 'PAT - 01', 'CODE', 840, '100MG', 8, '2010-09-23', 12, 5, 'Type', 'Note', 'yes'),
(28, 'PAT - 01', 'CODE', 1259, '100MG', 9, '2010-09-05', 12, 3, 'Type', 'Note', 'yes'),
(29, 'PAT - 01', 'CODE', 1500, '100MG', 9, '2010-09-05', 12, 5, 'Type', 'Note', 'yes'),
(30, 'PAT - 01', 'CODE', 1156, '100MG', 9, '2010-09-05', 12, 1, 'Type', 'Note', 'yes'),
(31, 'PAT - 01', 'CODE', 1849, '100MG', 9, '2010-09-05', 12, 4, 'Type', 'Note', 'yes'),
(32, 'PAT - 01', 'CODE', 851, '100MG', 9, '2010-09-05', 12, 2, 'Type', 'Note', 'yes'),
(33, 'PAT - 01', 'CODE', 1299, '100MG', 10, '2010-07-10', 12, 1, 'Type', 'Note', 'yes'),
(34, 'PAT - 01', 'CODE', 1399, '100MG', 11, '2009-10-01', 12, 5, 'Type', 'Note', 'yes'),
(35, 'PAT - 01', 'CODE', 700, '100MG', 11, '2009-10-01', 12, 4, 'Type', 'Note', 'yes'),
(36, 'PAT - 01', 'CODE', 643, '100MG', 11, '2009-10-01', 12, 1, 'Type', 'Note', 'yes'),
(37, 'PAT - 01', 'CODE', 303, '100MG', 11, '2009-10-01', 12, 1, 'Type', 'Note', 'yes'),
(38, 'PAT - 01', 'CODE', 390, '100MG', 11, '2009-10-01', 12, 2, 'Type', 'Note', 'yes'),
(39, 'PAT - 01', 'CODE', 413, '100MG', 12, '2010-09-26', 12, 4, 'Type', 'Note', 'yes'),
(40, 'PAT - 01', 'CODE', 1162, '100MG', 12, '2010-09-26', 12, 3, 'Type', 'Note', 'yes'),
(41, 'PAT - 01', 'CODE', 1232, '100MG', 12, '2010-09-26', 12, 1, 'Type', 'Note', 'yes'),
(42, 'PAT - 01', 'CODE', 102, '100MG', 12, '2010-09-26', 12, 4, 'Type', 'Note', 'yes'),
(43, 'PAT - 01', 'CODE', 1515, '100MG', 12, '2010-09-26', 12, 4, 'Type', 'Note', 'yes'),
(44, 'PAT - 02', 'CODE', 1044, '100MG', 13, '2008-05-03', 12, 4, 'Type', 'Note', 'yes'),
(45, 'PAT - 02', 'CODE', 1499, '100MG', 13, '2008-05-03', 12, 4, 'Type', 'Note', 'yes'),
(46, 'PAT - 02', 'CODE', 537, '100MG', 13, '2008-05-03', 12, 2, 'Type', 'Note', 'yes'),
(47, 'PAT - 02', 'CODE', 664, '100MG', 13, '2008-05-03', 12, 4, 'Type', 'Note', 'yes'),
(48, 'PAT - 02', 'CODE', 1152, '100MG', 14, '2011-07-09', 12, 4, 'Type', 'Note', 'yes'),
(49, 'PAT - 02', 'CODE', 1610, '100MG', 14, '2011-07-09', 12, 5, 'Type', 'Note', 'yes'),
(50, 'PAT - 02', 'CODE', 517, '100MG', 15, '2009-10-10', 12, 2, 'Type', 'Note', 'yes'),
(51, 'PAT - 02', 'CODE', 70, '100MG', 15, '2009-10-10', 12, 1, 'Type', 'Note', 'yes'),
(52, 'PAT - 02', 'CODE', 543, '100MG', 16, '2009-10-24', 12, 2, 'Type', 'Note', 'yes'),
(53, 'PAT - 02', 'CODE', 991, '100MG', 17, '2010-04-16', 12, 3, 'Type', 'Note', 'yes'),
(54, 'PAT - 02', 'CODE', 1243, '100MG', 17, '2010-04-16', 12, 3, 'Type', 'Note', 'yes'),
(55, 'PAT - 02', 'CODE', 551, '100MG', 17, '2010-04-16', 12, 5, 'Type', 'Note', 'yes'),
(56, 'PAT - 02', 'CODE', 522, '100MG', 17, '2010-04-16', 12, 5, 'Type', 'Note', 'yes'),
(57, 'PAT - 02', 'CODE', 1874, '100MG', 17, '2010-04-16', 12, 2, 'Type', 'Note', 'yes'),
(58, 'PAT - 02', 'CODE', 1112, '100MG', 18, '2010-08-14', 12, 1, 'Type', 'Note', 'yes'),
(59, 'PAT - 02', 'CODE', 1615, '100MG', 18, '2010-08-14', 12, 1, 'Type', 'Note', 'yes'),
(60, 'PAT - 02', 'CODE', 1349, '100MG', 18, '2010-08-14', 12, 1, 'Type', 'Note', 'yes'),
(61, 'PAT - 02', 'CODE', 1456, '100MG', 18, '2010-08-14', 12, 1, 'Type', 'Note', 'yes'),
(62, 'PAT - 02', 'CODE', 943, '100MG', 18, '2010-08-14', 12, 5, 'Type', 'Note', 'yes'),
(63, 'PAT - 03', 'CODE', 1484, '100MG', 19, '2010-07-26', 12, 4, 'Type', 'Note', 'yes'),
(64, 'PAT - 03', 'CODE', 1093, '100MG', 19, '2010-07-26', 12, 2, 'Type', 'Note', 'yes'),
(65, 'PAT - 03', 'CODE', 444, '100MG', 20, '2010-03-01', 12, 2, 'Type', 'Note', 'yes'),
(66, 'PAT - 03', 'CODE', 948, '100MG', 20, '2010-03-01', 12, 4, 'Type', 'Note', 'yes'),
(67, 'PAT - 03', 'CODE', 970, '100MG', 20, '2010-03-01', 12, 5, 'Type', 'Note', 'yes'),
(68, 'PAT - 03', 'CODE', 1574, '100MG', 20, '2010-03-01', 12, 4, 'Type', 'Note', 'yes'),
(69, 'PAT - 03', 'CODE', 472, '100MG', 21, '2010-07-13', 12, 3, 'Type', 'Note', 'yes'),
(70, 'PAT - 03', 'CODE', 861, '100MG', 22, '2010-02-06', 12, 3, 'Type', 'Note', 'yes'),
(71, 'PAT - 03', 'CODE', 1783, '100MG', 22, '2010-02-06', 12, 2, 'Type', 'Note', 'yes'),
(72, 'PAT - 03', 'CODE', 1069, '100MG', 22, '2010-02-06', 12, 3, 'Type', 'Note', 'yes'),
(73, 'PAT - 03', 'CODE', 1786, '100MG', 23, '2011-12-17', 12, 3, 'Type', 'Note', 'yes'),
(74, 'PAT - 03', 'CODE', 1527, '100MG', 23, '2011-12-17', 12, 4, 'Type', 'Note', 'yes'),
(75, 'PAT - 03', 'CODE', 401, '100MG', 23, '2011-12-17', 12, 1, 'Type', 'Note', 'yes'),
(76, 'PAT - 03', 'CODE', 329, '100MG', 23, '2011-12-17', 12, 3, 'Type', 'Note', 'yes'),
(77, 'PAT - 03', 'CODE', 63, '100MG', 23, '2011-12-17', 12, 4, 'Type', 'Note', 'yes'),
(78, 'PAT - 03', 'CODE', 1601, '100MG', 24, '2009-08-25', 12, 5, 'Type', 'Note', 'yes'),
(79, 'PAT - 04', 'CODE', 1409, '100MG', 25, '2010-06-02', 12, 1, 'Type', 'Note', 'yes'),
(80, 'PAT - 04', 'CODE', 804, '100MG', 25, '2010-06-02', 12, 3, 'Type', 'Note', 'yes'),
(81, 'PAT - 04', 'CODE', 591, '100MG', 26, '2010-05-29', 12, 1, 'Type', 'Note', 'yes'),
(82, 'PAT - 04', 'CODE', 1412, '100MG', 26, '2010-05-29', 12, 2, 'Type', 'Note', 'yes'),
(83, 'PAT - 04', 'CODE', 190, '100MG', 26, '2010-05-29', 12, 1, 'Type', 'Note', 'yes'),
(84, 'PAT - 04', 'CODE', 1109, '100MG', 27, '2011-02-18', 12, 2, 'Type', 'Note', 'yes'),
(85, 'PAT - 04', 'CODE', 1294, '100MG', 27, '2011-02-18', 12, 1, 'Type', 'Note', 'yes'),
(86, 'PAT - 04', 'CODE', 801, '100MG', 27, '2011-02-18', 12, 1, 'Type', 'Note', 'yes'),
(87, 'PAT - 04', 'CODE', 932, '100MG', 27, '2011-02-18', 12, 5, 'Type', 'Note', 'yes'),
(88, 'PAT - 04', 'CODE', 725, '100MG', 28, '2008-05-24', 12, 1, 'Type', 'Note', 'yes'),
(89, 'PAT - 04', 'CODE', 1771, '100MG', 28, '2008-05-24', 12, 4, 'Type', 'Note', 'yes'),
(90, 'PAT - 04', 'CODE', 95, '100MG', 28, '2008-05-24', 12, 2, 'Type', 'Note', 'yes'),
(91, 'PAT - 04', 'CODE', 1047, '100MG', 28, '2008-05-24', 12, 4, 'Type', 'Note', 'yes'),
(92, 'PAT - 04', 'CODE', 914, '100MG', 28, '2008-05-24', 12, 1, 'Type', 'Note', 'yes'),
(93, 'PAT - 04', 'CODE', 1227, '100MG', 29, '2009-11-13', 12, 4, 'Type', 'Note', 'yes'),
(94, 'PAT - 04', 'CODE', 9, '100MG', 30, '2008-09-19', 12, 2, 'Type', 'Note', 'yes'),
(95, 'PAT - 04', 'CODE', 1806, '100MG', 30, '2008-09-19', 12, 5, 'Type', 'Note', 'yes'),
(96, 'PAT - 04', 'CODE', 86, '100MG', 30, '2008-09-19', 12, 2, 'Type', 'Note', 'yes'),
(97, 'PAT - 05', 'CODE', 1677, '100MG', 31, '2010-04-10', 12, 5, 'Type', 'Note', 'yes'),
(98, 'PAT - 05', 'CODE', 775, '100MG', 31, '2010-04-10', 12, 1, 'Type', 'Note', 'yes'),
(99, 'PAT - 05', 'CODE', 1506, '100MG', 32, '2008-02-17', 12, 1, 'Type', 'Note', 'yes'),
(100, 'PAT - 05', 'CODE', 1797, '100MG', 32, '2008-02-17', 12, 3, 'Type', 'Note', 'yes'),
(101, 'PAT - 05', 'CODE', 819, '100MG', 33, '2011-03-03', 12, 3, 'Type', 'Note', 'yes'),
(102, 'PAT - 05', 'CODE', 1388, '100MG', 33, '2011-03-03', 12, 4, 'Type', 'Note', 'yes'),
(103, 'PAT - 05', 'CODE', 1573, '100MG', 33, '2011-03-03', 12, 2, 'Type', 'Note', 'yes'),
(104, 'PAT - 05', 'CODE', 1894, '100MG', 34, '2011-10-15', 12, 1, 'Type', 'Note', 'yes'),
(105, 'PAT - 05', 'CODE', 1893, '100MG', 34, '2011-10-15', 12, 4, 'Type', 'Note', 'yes'),
(106, 'PAT - 05', 'CODE', 692, '100MG', 34, '2011-10-15', 12, 5, 'Type', 'Note', 'yes'),
(107, 'PAT - 05', 'CODE', 1581, '100MG', 34, '2011-10-15', 12, 2, 'Type', 'Note', 'yes'),
(108, 'PAT - 05', 'CODE', 470, '100MG', 34, '2011-10-15', 12, 3, 'Type', 'Note', 'yes'),
(109, 'PAT - 05', 'CODE', 1484, '100MG', 35, '2009-08-18', 12, 4, 'Type', 'Note', 'yes'),
(110, 'PAT - 05', 'CODE', 1009, '100MG', 35, '2009-08-18', 12, 1, 'Type', 'Note', 'yes'),
(111, 'PAT - 05', 'CODE', 1093, '100MG', 35, '2009-08-18', 12, 5, 'Type', 'Note', 'yes'),
(112, 'PAT - 05', 'CODE', 1710, '100MG', 36, '2011-01-02', 12, 4, 'Type', 'Note', 'yes'),
(113, 'PAT - 05', 'CODE', 1765, '100MG', 36, '2011-01-02', 12, 4, 'Type', 'Note', 'yes'),
(114, 'PAT - 05', 'CODE', 1569, '100MG', 36, '2011-01-02', 12, 4, 'Type', 'Note', 'yes'),
(115, 'PAT - 06', 'CODE', 166, '100MG', 37, '2011-03-28', 12, 3, 'Type', 'Note', 'yes'),
(116, 'PAT - 06', 'CODE', 442, '100MG', 37, '2011-03-28', 12, 4, 'Type', 'Note', 'yes'),
(117, 'PAT - 06', 'CODE', 755, '100MG', 38, '2009-07-11', 12, 3, 'Type', 'Note', 'yes'),
(118, 'PAT - 06', 'CODE', 548, '100MG', 38, '2009-07-11', 12, 2, 'Type', 'Note', 'yes'),
(119, 'PAT - 06', 'CODE', 1887, '100MG', 38, '2009-07-11', 12, 1, 'Type', 'Note', 'yes'),
(120, 'PAT - 06', 'CODE', 1319, '100MG', 39, '2010-06-26', 12, 1, 'Type', 'Note', 'yes'),
(121, 'PAT - 06', 'CODE', 1453, '100MG', 40, '2011-03-26', 12, 3, 'Type', 'Note', 'yes'),
(122, 'PAT - 06', 'CODE', 1027, '100MG', 40, '2011-03-26', 12, 1, 'Type', 'Note', 'yes'),
(123, 'PAT - 06', 'CODE', 585, '100MG', 40, '2011-03-26', 12, 1, 'Type', 'Note', 'yes'),
(124, 'PAT - 06', 'CODE', 2, '100MG', 41, '2008-02-13', 12, 4, 'Type', 'Note', 'yes'),
(125, 'PAT - 06', 'CODE', 1806, '100MG', 41, '2008-02-13', 12, 3, 'Type', 'Note', 'yes'),
(126, 'PAT - 06', 'CODE', 1472, '100MG', 41, '2008-02-13', 12, 3, 'Type', 'Note', 'yes'),
(127, 'PAT - 06', 'CODE', 856, '100MG', 42, '2011-07-16', 12, 1, 'Type', 'Note', 'yes'),
(128, 'PAT - 06', 'CODE', 820, '100MG', 42, '2011-07-16', 12, 5, 'Type', 'Note', 'yes'),
(129, 'PAT - 06', 'CODE', 650, '100MG', 42, '2011-07-16', 12, 1, 'Type', 'Note', 'yes'),
(130, 'PAT - 06', 'CODE', 785, '100MG', 42, '2011-07-16', 12, 5, 'Type', 'Note', 'yes'),
(131, 'PAT - 06', 'CODE', 1158, '100MG', 42, '2011-07-16', 12, 2, 'Type', 'Note', 'yes'),
(132, 'PAT - 07', 'CODE', 1535, '100MG', 43, '2010-10-28', 12, 2, 'Type', 'Note', 'yes'),
(133, 'PAT - 07', 'CODE', 177, '100MG', 43, '2010-10-28', 12, 5, 'Type', 'Note', 'yes'),
(134, 'PAT - 07', 'CODE', 816, '100MG', 43, '2010-10-28', 12, 1, 'Type', 'Note', 'yes'),
(135, 'PAT - 07', 'CODE', 58, '100MG', 43, '2010-10-28', 12, 5, 'Type', 'Note', 'yes'),
(136, 'PAT - 07', 'CODE', 482, '100MG', 43, '2010-10-28', 12, 1, 'Type', 'Note', 'yes'),
(137, 'PAT - 07', 'CODE', 1719, '100MG', 44, '2008-05-25', 12, 2, 'Type', 'Note', 'yes'),
(138, 'PAT - 07', 'CODE', 18, '100MG', 44, '2008-05-25', 12, 5, 'Type', 'Note', 'yes'),
(139, 'PAT - 07', 'CODE', 185, '100MG', 44, '2008-05-25', 12, 3, 'Type', 'Note', 'yes'),
(140, 'PAT - 07', 'CODE', 109, '100MG', 44, '2008-05-25', 12, 1, 'Type', 'Note', 'yes'),
(141, 'PAT - 07', 'CODE', 1591, '100MG', 44, '2008-05-25', 12, 2, 'Type', 'Note', 'yes'),
(142, 'PAT - 07', 'CODE', 393, '100MG', 45, '2010-08-22', 12, 1, 'Type', 'Note', 'yes'),
(143, 'PAT - 07', 'CODE', 904, '100MG', 45, '2010-08-22', 12, 3, 'Type', 'Note', 'yes'),
(144, 'PAT - 07', 'CODE', 836, '100MG', 45, '2010-08-22', 12, 4, 'Type', 'Note', 'yes'),
(145, 'PAT - 07', 'CODE', 181, '100MG', 46, '2011-12-04', 12, 1, 'Type', 'Note', 'yes'),
(146, 'PAT - 07', 'CODE', 1742, '100MG', 47, '2009-11-15', 12, 2, 'Type', 'Note', 'yes'),
(147, 'PAT - 07', 'CODE', 1301, '100MG', 47, '2009-11-15', 12, 2, 'Type', 'Note', 'yes'),
(148, 'PAT - 07', 'CODE', 1179, '100MG', 47, '2009-11-15', 12, 4, 'Type', 'Note', 'yes'),
(149, 'PAT - 07', 'CODE', 1080, '100MG', 48, '2010-06-12', 12, 2, 'Type', 'Note', 'yes'),
(150, 'PAT - 07', 'CODE', 1132, '100MG', 48, '2010-06-12', 12, 2, 'Type', 'Note', 'yes'),
(151, 'PAT - 07', 'CODE', 1205, '100MG', 48, '2010-06-12', 12, 4, 'Type', 'Note', 'yes'),
(152, 'PAT - 07', 'CODE', 969, '100MG', 48, '2010-06-12', 12, 2, 'Type', 'Note', 'yes'),
(153, 'PAT - 07', 'CODE', 1179, '100MG', 48, '2010-06-12', 12, 5, 'Type', 'Note', 'yes'),
(154, 'PAT - 08', 'CODE', 784, '100MG', 49, '2011-12-11', 12, 1, 'Type', 'Note', 'yes'),
(155, 'PAT - 08', 'CODE', 1127, '100MG', 49, '2011-12-11', 12, 3, 'Type', 'Note', 'yes'),
(156, 'PAT - 08', 'CODE', 77, '100MG', 50, '2009-11-21', 12, 3, 'Type', 'Note', 'yes'),
(157, 'PAT - 08', 'CODE', 129, '100MG', 50, '2009-11-21', 12, 3, 'Type', 'Note', 'yes'),
(158, 'PAT - 08', 'CODE', 1642, '100MG', 50, '2009-11-21', 12, 3, 'Type', 'Note', 'yes'),
(159, 'PAT - 08', 'CODE', 276, '100MG', 50, '2009-11-21', 12, 1, 'Type', 'Note', 'yes'),
(160, 'PAT - 08', 'CODE', 1481, '100MG', 51, '2009-07-24', 12, 4, 'Type', 'Note', 'yes'),
(161, 'PAT - 08', 'CODE', 3, '100MG', 52, '2009-10-05', 12, 4, 'Type', 'Note', 'yes'),
(162, 'PAT - 08', 'CODE', 586, '100MG', 52, '2009-10-05', 12, 1, 'Type', 'Note', 'yes'),
(163, 'PAT - 08', 'CODE', 445, '100MG', 52, '2009-10-05', 12, 1, 'Type', 'Note', 'yes'),
(164, 'PAT - 08', 'CODE', 1671, '100MG', 52, '2009-10-05', 12, 1, 'Type', 'Note', 'yes'),
(165, 'PAT - 08', 'CODE', 578, '100MG', 52, '2009-10-05', 12, 1, 'Type', 'Note', 'yes'),
(166, 'PAT - 08', 'CODE', 162, '100MG', 53, '2011-07-21', 12, 5, 'Type', 'Note', 'yes'),
(167, 'PAT - 08', 'CODE', 1849, '100MG', 53, '2011-07-21', 12, 5, 'Type', 'Note', 'yes'),
(168, 'PAT - 08', 'CODE', 1752, '100MG', 54, '2009-06-17', 12, 4, 'Type', 'Note', 'yes'),
(169, 'PAT - 08', 'CODE', 1241, '100MG', 54, '2009-06-17', 12, 2, 'Type', 'Note', 'yes'),
(170, 'PAT - 08', 'CODE', 1403, '100MG', 54, '2009-06-17', 12, 2, 'Type', 'Note', 'yes'),
(171, 'PAT - 08', 'CODE', 713, '100MG', 54, '2009-06-17', 12, 3, 'Type', 'Note', 'yes'),
(172, 'PAT - 08', 'CODE', 425, '100MG', 54, '2009-06-17', 12, 3, 'Type', 'Note', 'yes'),
(173, 'PAT - 09', 'CODE', 1573, '100MG', 55, '2009-12-12', 12, 3, 'Type', 'Note', 'yes'),
(174, 'PAT - 09', 'CODE', 725, '100MG', 56, '2010-06-05', 12, 3, 'Type', 'Note', 'yes'),
(175, 'PAT - 09', 'CODE', 1358, '100MG', 56, '2010-06-05', 12, 3, 'Type', 'Note', 'yes'),
(176, 'PAT - 09', 'CODE', 1674, '100MG', 56, '2010-06-05', 12, 3, 'Type', 'Note', 'yes'),
(177, 'PAT - 09', 'CODE', 554, '100MG', 57, '2008-12-08', 12, 4, 'Type', 'Note', 'yes'),
(178, 'PAT - 09', 'CODE', 413, '100MG', 58, '2011-04-07', 12, 2, 'Type', 'Note', 'yes'),
(179, 'PAT - 09', 'CODE', 372, '100MG', 58, '2011-04-07', 12, 5, 'Type', 'Note', 'yes'),
(180, 'PAT - 09', 'CODE', 1766, '100MG', 58, '2011-04-07', 12, 1, 'Type', 'Note', 'yes'),
(181, 'PAT - 09', 'CODE', 639, '100MG', 59, '2010-03-23', 12, 5, 'Type', 'Note', 'yes'),
(182, 'PAT - 09', 'CODE', 830, '100MG', 59, '2010-03-23', 12, 3, 'Type', 'Note', 'yes'),
(183, 'PAT - 09', 'CODE', 353, '100MG', 59, '2010-03-23', 12, 2, 'Type', 'Note', 'yes'),
(184, 'PAT - 09', 'CODE', 1024, '100MG', 59, '2010-03-23', 12, 3, 'Type', 'Note', 'yes'),
(185, 'PAT - 09', 'CODE', 435, '100MG', 60, '2010-02-12', 12, 4, 'Type', 'Note', 'yes'),
(186, 'PAT - 09', 'CODE', 388, '100MG', 60, '2010-02-12', 12, 5, 'Type', 'Note', 'yes'),
(187, 'PAT - 09', 'CODE', 383, '100MG', 60, '2010-02-12', 12, 4, 'Type', 'Note', 'yes'),
(188, 'PAT - 010', 'CODE', 1657, '100MG', 61, '2010-07-30', 12, 2, 'Type', 'Note', 'yes'),
(189, 'PAT - 010', 'CODE', 1348, '100MG', 61, '2010-07-30', 12, 4, 'Type', 'Note', 'yes'),
(190, 'PAT - 010', 'CODE', 672, '100MG', 61, '2010-07-30', 12, 1, 'Type', 'Note', 'yes'),
(191, 'PAT - 010', 'CODE', 1618, '100MG', 61, '2010-07-30', 12, 5, 'Type', 'Note', 'yes'),
(192, 'PAT - 010', 'CODE', 747, '100MG', 61, '2010-07-30', 12, 5, 'Type', 'Note', 'yes'),
(193, 'PAT - 010', 'CODE', 291, '100MG', 62, '2010-03-04', 12, 2, 'Type', 'Note', 'yes'),
(194, 'PAT - 010', 'CODE', 684, '100MG', 62, '2010-03-04', 12, 1, 'Type', 'Note', 'yes'),
(195, 'PAT - 010', 'CODE', 1588, '100MG', 63, '2009-08-11', 12, 2, 'Type', 'Note', 'yes'),
(196, 'PAT - 010', 'CODE', 968, '100MG', 63, '2009-08-11', 12, 4, 'Type', 'Note', 'yes'),
(197, 'PAT - 010', 'CODE', 528, '100MG', 63, '2009-08-11', 12, 4, 'Type', 'Note', 'yes'),
(198, 'PAT - 010', 'CODE', 824, '100MG', 63, '2009-08-11', 12, 2, 'Type', 'Note', 'yes'),
(199, 'PAT - 010', 'CODE', 1416, '100MG', 63, '2009-08-11', 12, 5, 'Type', 'Note', 'yes'),
(200, 'PAT - 010', 'CODE', 228, '100MG', 64, '2009-03-23', 12, 1, 'Type', 'Note', 'yes'),
(201, 'PAT - 010', 'CODE', 1041, '100MG', 64, '2009-03-23', 12, 5, 'Type', 'Note', 'yes'),
(202, 'PAT - 010', 'CODE', 861, '100MG', 64, '2009-03-23', 12, 3, 'Type', 'Note', 'yes'),
(203, 'PAT - 010', 'CODE', 1080, '100MG', 64, '2009-03-23', 12, 1, 'Type', 'Note', 'yes'),
(204, 'PAT - 010', 'CODE', 1703, '100MG', 65, '2010-02-07', 12, 4, 'Type', 'Note', 'yes'),
(205, 'PAT - 010', 'CODE', 973, '100MG', 65, '2010-02-07', 12, 3, 'Type', 'Note', 'yes'),
(206, 'PAT - 010', 'CODE', 511, '100MG', 66, '2008-11-20', 12, 5, 'Type', 'Note', 'yes'),
(207, 'PAT - 010', 'CODE', 318, '100MG', 66, '2008-11-20', 12, 3, 'Type', 'Note', 'yes'),
(208, 'PAT - 011', 'CODE', 415, '100MG', 67, '2008-04-09', 12, 3, 'Type', 'Note', 'yes'),
(209, 'PAT - 011', 'CODE', 1144, '100MG', 67, '2008-04-09', 12, 4, 'Type', 'Note', 'yes'),
(210, 'PAT - 011', 'CODE', 1764, '100MG', 67, '2008-04-09', 12, 4, 'Type', 'Note', 'yes'),
(211, 'PAT - 011', 'CODE', 395, '100MG', 67, '2008-04-09', 12, 1, 'Type', 'Note', 'yes'),
(212, 'PAT - 011', 'CODE', 177, '100MG', 68, '2009-02-15', 12, 4, 'Type', 'Note', 'yes'),
(213, 'PAT - 011', 'CODE', 96, '100MG', 68, '2009-02-15', 12, 4, 'Type', 'Note', 'yes'),
(214, 'PAT - 011', 'CODE', 830, '100MG', 69, '2009-07-07', 12, 1, 'Type', 'Note', 'yes'),
(215, 'PAT - 011', 'CODE', 760, '100MG', 69, '2009-07-07', 12, 1, 'Type', 'Note', 'yes'),
(216, 'PAT - 011', 'CODE', 231, '100MG', 69, '2009-07-07', 12, 3, 'Type', 'Note', 'yes'),
(217, 'PAT - 011', 'CODE', 220, '100MG', 69, '2009-07-07', 12, 1, 'Type', 'Note', 'yes'),
(218, 'PAT - 011', 'CODE', 849, '100MG', 70, '2009-10-24', 12, 4, 'Type', 'Note', 'yes'),
(219, 'PAT - 011', 'CODE', 555, '100MG', 70, '2009-10-24', 12, 1, 'Type', 'Note', 'yes'),
(220, 'PAT - 011', 'CODE', 241, '100MG', 70, '2009-10-24', 12, 1, 'Type', 'Note', 'yes'),
(221, 'PAT - 011', 'CODE', 865, '100MG', 71, '2009-10-01', 12, 5, 'Type', 'Note', 'yes'),
(222, 'PAT - 011', 'CODE', 313, '100MG', 71, '2009-10-01', 12, 5, 'Type', 'Note', 'yes'),
(223, 'PAT - 011', 'CODE', 1129, '100MG', 71, '2009-10-01', 12, 5, 'Type', 'Note', 'yes'),
(224, 'PAT - 011', 'CODE', 1318, '100MG', 71, '2009-10-01', 12, 3, 'Type', 'Note', 'yes'),
(225, 'PAT - 011', 'CODE', 1580, '100MG', 71, '2009-10-01', 12, 5, 'Type', 'Note', 'yes'),
(226, 'PAT - 011', 'CODE', 642, '100MG', 72, '2011-04-20', 12, 3, 'Type', 'Note', 'yes'),
(227, 'PAT - 012', 'CODE', 168, '100MG', 73, '2009-04-29', 12, 2, 'Type', 'Note', 'yes'),
(228, 'PAT - 012', 'CODE', 1157, '100MG', 73, '2009-04-29', 12, 3, 'Type', 'Note', 'yes'),
(229, 'PAT - 012', 'CODE', 440, '100MG', 74, '2009-02-24', 12, 3, 'Type', 'Note', 'yes'),
(230, 'PAT - 012', 'CODE', 1843, '100MG', 75, '2011-04-13', 12, 4, 'Type', 'Note', 'yes'),
(231, 'PAT - 012', 'CODE', 1616, '100MG', 75, '2011-04-13', 12, 1, 'Type', 'Note', 'yes'),
(232, 'PAT - 012', 'CODE', 1804, '100MG', 75, '2011-04-13', 12, 5, 'Type', 'Note', 'yes'),
(233, 'PAT - 012', 'CODE', 1107, '100MG', 75, '2011-04-13', 12, 1, 'Type', 'Note', 'yes'),
(234, 'PAT - 012', 'CODE', 1232, '100MG', 75, '2011-04-13', 12, 3, 'Type', 'Note', 'yes'),
(235, 'PAT - 012', 'CODE', 1594, '100MG', 76, '2009-12-03', 12, 3, 'Type', 'Note', 'yes'),
(236, 'PAT - 012', 'CODE', 692, '100MG', 76, '2009-12-03', 12, 3, 'Type', 'Note', 'yes'),
(237, 'PAT - 012', 'CODE', 1274, '100MG', 76, '2009-12-03', 12, 2, 'Type', 'Note', 'yes'),
(238, 'PAT - 012', 'CODE', 1289, '100MG', 76, '2009-12-03', 12, 4, 'Type', 'Note', 'yes'),
(239, 'PAT - 012', 'CODE', 1865, '100MG', 77, '2010-10-23', 12, 4, 'Type', 'Note', 'yes'),
(240, 'PAT - 012', 'CODE', 1473, '100MG', 77, '2010-10-23', 12, 2, 'Type', 'Note', 'yes'),
(241, 'PAT - 012', 'CODE', 510, '100MG', 78, '2008-01-07', 12, 3, 'Type', 'Note', 'yes'),
(242, 'PAT - 012', 'CODE', 636, '100MG', 78, '2008-01-07', 12, 4, 'Type', 'Note', 'yes'),
(243, 'PAT - 012', 'CODE', 1026, '100MG', 78, '2008-01-07', 12, 5, 'Type', 'Note', 'yes'),
(244, 'PAT - 012', 'CODE', 850, '100MG', 78, '2008-01-07', 12, 5, 'Type', 'Note', 'yes'),
(245, 'PAT - 012', 'CODE', 75, '100MG', 78, '2008-01-07', 12, 2, 'Type', 'Note', 'yes'),
(246, 'PAT - 013', 'CODE', 650, '100MG', 79, '2010-12-03', 12, 3, 'Type', 'Note', 'yes'),
(247, 'PAT - 013', 'CODE', 1445, '100MG', 79, '2010-12-03', 12, 4, 'Type', 'Note', 'yes'),
(248, 'PAT - 013', 'CODE', 674, '100MG', 79, '2010-12-03', 12, 4, 'Type', 'Note', 'yes'),
(249, 'PAT - 013', 'CODE', 670, '100MG', 80, '2008-02-23', 12, 1, 'Type', 'Note', 'yes'),
(250, 'PAT - 013', 'CODE', 1171, '100MG', 80, '2008-02-23', 12, 2, 'Type', 'Note', 'yes'),
(251, 'PAT - 013', 'CODE', 1528, '100MG', 80, '2008-02-23', 12, 3, 'Type', 'Note', 'yes'),
(252, 'PAT - 013', 'CODE', 1019, '100MG', 80, '2008-02-23', 12, 2, 'Type', 'Note', 'yes'),
(253, 'PAT - 013', 'CODE', 404, '100MG', 81, '2009-10-30', 12, 2, 'Type', 'Note', 'yes'),
(254, 'PAT - 013', 'CODE', 414, '100MG', 81, '2009-10-30', 12, 3, 'Type', 'Note', 'yes'),
(255, 'PAT - 013', 'CODE', 1615, '100MG', 81, '2009-10-30', 12, 4, 'Type', 'Note', 'yes'),
(256, 'PAT - 013', 'CODE', 311, '100MG', 81, '2009-10-30', 12, 3, 'Type', 'Note', 'yes'),
(257, 'PAT - 013', 'CODE', 966, '100MG', 81, '2009-10-30', 12, 4, 'Type', 'Note', 'yes'),
(258, 'PAT - 013', 'CODE', 1654, '100MG', 82, '2009-06-30', 12, 1, 'Type', 'Note', 'yes'),
(259, 'PAT - 013', 'CODE', 1181, '100MG', 82, '2009-06-30', 12, 3, 'Type', 'Note', 'yes'),
(260, 'PAT - 013', 'CODE', 1060, '100MG', 82, '2009-06-30', 12, 3, 'Type', 'Note', 'yes'),
(261, 'PAT - 013', 'CODE', 723, '100MG', 82, '2009-06-30', 12, 4, 'Type', 'Note', 'yes'),
(262, 'PAT - 013', 'CODE', 83, '100MG', 82, '2009-06-30', 12, 2, 'Type', 'Note', 'yes'),
(263, 'PAT - 013', 'CODE', 611, '100MG', 83, '2009-11-25', 12, 2, 'Type', 'Note', 'yes'),
(264, 'PAT - 013', 'CODE', 823, '100MG', 83, '2009-11-25', 12, 4, 'Type', 'Note', 'yes'),
(265, 'PAT - 013', 'CODE', 1356, '100MG', 83, '2009-11-25', 12, 2, 'Type', 'Note', 'yes'),
(266, 'PAT - 013', 'CODE', 1700, '100MG', 84, '2010-04-30', 12, 4, 'Type', 'Note', 'yes'),
(267, 'PAT - 014', 'CODE', 284, '100MG', 85, '2011-02-23', 12, 2, 'Type', 'Note', 'yes'),
(268, 'PAT - 014', 'CODE', 382, '100MG', 85, '2011-02-23', 12, 1, 'Type', 'Note', 'yes'),
(269, 'PAT - 014', 'CODE', 1068, '100MG', 85, '2011-02-23', 12, 3, 'Type', 'Note', 'yes'),
(270, 'PAT - 014', 'CODE', 1135, '100MG', 85, '2011-02-23', 12, 4, 'Type', 'Note', 'yes'),
(271, 'PAT - 014', 'CODE', 1369, '100MG', 85, '2011-02-23', 12, 5, 'Type', 'Note', 'yes'),
(272, 'PAT - 014', 'CODE', 329, '100MG', 86, '2010-03-16', 12, 5, 'Type', 'Note', 'yes'),
(273, 'PAT - 014', 'CODE', 1026, '100MG', 86, '2010-03-16', 12, 5, 'Type', 'Note', 'yes'),
(274, 'PAT - 014', 'CODE', 1404, '100MG', 87, '2010-03-29', 12, 4, 'Type', 'Note', 'yes'),
(275, 'PAT - 014', 'CODE', 601, '100MG', 87, '2010-03-29', 12, 4, 'Type', 'Note', 'yes'),
(276, 'PAT - 014', 'CODE', 260, '100MG', 88, '2010-08-20', 12, 5, 'Type', 'Note', 'yes'),
(277, 'PAT - 014', 'CODE', 548, '100MG', 88, '2010-08-20', 12, 1, 'Type', 'Note', 'yes'),
(278, 'PAT - 014', 'CODE', 1601, '100MG', 88, '2010-08-20', 12, 1, 'Type', 'Note', 'yes'),
(279, 'PAT - 014', 'CODE', 191, '100MG', 89, '2010-09-30', 12, 2, 'Type', 'Note', 'yes'),
(280, 'PAT - 014', 'CODE', 1813, '100MG', 89, '2010-09-30', 12, 5, 'Type', 'Note', 'yes'),
(281, 'PAT - 014', 'CODE', 1189, '100MG', 89, '2010-09-30', 12, 5, 'Type', 'Note', 'yes'),
(282, 'PAT - 014', 'CODE', 390, '100MG', 90, '2009-03-28', 12, 5, 'Type', 'Note', 'yes'),
(283, 'PAT - 014', 'CODE', 1083, '100MG', 90, '2009-03-28', 12, 4, 'Type', 'Note', 'yes'),
(284, 'PAT - 014', 'CODE', 1202, '100MG', 90, '2009-03-28', 12, 1, 'Type', 'Note', 'yes'),
(285, 'PAT - 014', 'CODE', 1640, '100MG', 90, '2009-03-28', 12, 1, 'Type', 'Note', 'yes'),
(286, 'PAT - 014', 'CODE', 1481, '100MG', 90, '2009-03-28', 12, 4, 'Type', 'Note', 'yes'),
(287, 'PAT - 015', 'CODE', 1785, '100MG', 91, '2009-06-14', 12, 4, 'Type', 'Note', 'yes'),
(288, 'PAT - 015', 'CODE', 669, '100MG', 91, '2009-06-14', 12, 3, 'Type', 'Note', 'yes'),
(289, 'PAT - 015', 'CODE', 459, '100MG', 91, '2009-06-14', 12, 5, 'Type', 'Note', 'yes'),
(290, 'PAT - 015', 'CODE', 538, '100MG', 91, '2009-06-14', 12, 1, 'Type', 'Note', 'yes'),
(291, 'PAT - 015', 'CODE', 238, '100MG', 91, '2009-06-14', 12, 2, 'Type', 'Note', 'yes'),
(292, 'PAT - 015', 'CODE', 488, '100MG', 92, '2010-10-09', 12, 5, 'Type', 'Note', 'yes'),
(293, 'PAT - 015', 'CODE', 601, '100MG', 93, '2011-09-20', 12, 2, 'Type', 'Note', 'yes'),
(294, 'PAT - 015', 'CODE', 781, '100MG', 93, '2011-09-20', 12, 3, 'Type', 'Note', 'yes'),
(295, 'PAT - 015', 'CODE', 258, '100MG', 93, '2011-09-20', 12, 2, 'Type', 'Note', 'yes'),
(296, 'PAT - 015', 'CODE', 1256, '100MG', 93, '2011-09-20', 12, 2, 'Type', 'Note', 'yes'),
(297, 'PAT - 015', 'CODE', 56, '100MG', 94, '2010-04-23', 12, 3, 'Type', 'Note', 'yes'),
(298, 'PAT - 015', 'CODE', 1520, '100MG', 95, '2009-04-12', 12, 1, 'Type', 'Note', 'yes'),
(299, 'PAT - 015', 'CODE', 1717, '100MG', 96, '2010-06-20', 12, 1, 'Type', 'Note', 'yes'),
(300, 'PAT - 015', 'CODE', 1466, '100MG', 96, '2010-06-20', 12, 5, 'Type', 'Note', 'yes'),
(301, 'PAT - 015', 'CODE', 1635, '100MG', 96, '2010-06-20', 12, 1, 'Type', 'Note', 'yes'),
(302, 'PAT - 016', 'CODE', 1016, '100MG', 97, '2009-02-18', 12, 5, 'Type', 'Note', 'yes'),
(303, 'PAT - 016', 'CODE', 548, '100MG', 97, '2009-02-18', 12, 5, 'Type', 'Note', 'yes'),
(304, 'PAT - 016', 'CODE', 1230, '100MG', 97, '2009-02-18', 12, 4, 'Type', 'Note', 'yes'),
(305, 'PAT - 016', 'CODE', 1079, '100MG', 97, '2009-02-18', 12, 5, 'Type', 'Note', 'yes'),
(306, 'PAT - 016', 'CODE', 654, '100MG', 97, '2009-02-18', 12, 2, 'Type', 'Note', 'yes'),
(307, 'PAT - 016', 'CODE', 826, '100MG', 98, '2009-09-26', 12, 4, 'Type', 'Note', 'yes'),
(308, 'PAT - 016', 'CODE', 283, '100MG', 99, '2010-12-17', 12, 5, 'Type', 'Note', 'yes'),
(309, 'PAT - 016', 'CODE', 1437, '100MG', 100, '2010-06-06', 12, 4, 'Type', 'Note', 'yes'),
(310, 'PAT - 016', 'CODE', 366, '100MG', 100, '2010-06-06', 12, 5, 'Type', 'Note', 'yes'),
(311, 'PAT - 016', 'CODE', 325, '100MG', 100, '2010-06-06', 12, 2, 'Type', 'Note', 'yes'),
(312, 'PAT - 016', 'CODE', 4, '100MG', 101, '2010-10-27', 12, 3, 'Type', 'Note', 'yes'),
(313, 'PAT - 016', 'CODE', 1453, '100MG', 101, '2010-10-27', 12, 2, 'Type', 'Note', 'yes'),
(314, 'PAT - 016', 'CODE', 1889, '100MG', 101, '2010-10-27', 12, 1, 'Type', 'Note', 'yes'),
(315, 'PAT - 016', 'CODE', 1235, '100MG', 102, '2011-01-01', 12, 3, 'Type', 'Note', 'yes'),
(316, 'PAT - 016', 'CODE', 642, '100MG', 102, '2011-01-01', 12, 1, 'Type', 'Note', 'yes'),
(317, 'pat1001', 'CODE', 6, 'morning', 96, '2012-08-07', 0, 2, 'Cream', '', 'yes'),
(318, 'pat1001', 'CODE', 2, 'dosagem', 96, '2012-08-07', 0, 2, 'Syrup', '', 'yes'),
(319, 'EGON11', 'CODE', 6, 'daily', 100, '2012-08-07', 100, 3, 'Capsule', '', 'yes'),
(320, 'EGON11', 'CODE', 14, 'morning', 100, '2012-08-07', 45, 4, 'Syrup', '', 'yes'),
(321, 'TEST1', 'CODE', 4, 'mornings', 126, '2012-08-13', 5, 3, 'Syrup', '', ''),
(322, 'TEST1', 'CODE', 5, 'morning, afternoon, evening', 126, '2012-08-13', 80, 2, 'Capsule', '', ''),
(326, 'TEST1', 'CODE', 4, 'thrice', 128, '2012-08-14', 5, 2, 'Syrup', '', '');

-- --------------------------------------------------------

--
-- Table structure for table `post`
--

CREATE TABLE IF NOT EXISTS `post` (
  `date` date NOT NULL,
  `firstName` varchar(255) NOT NULL,
  `lastName` varchar(255) NOT NULL,
  `address` varchar(255) NOT NULL,
  `tellNumber` varchar(30) NOT NULL,
  `ItemSupplied` varchar(255) NOT NULL,
  `quantity` int(11) NOT NULL,
  `id` int(11) NOT NULL AUTO_INCREMENT,
  PRIMARY KEY (`id`),
  KEY `id` (`id`)
) ENGINE=MyISAM  DEFAULT CHARSET=latin1 AUTO_INCREMENT=16 ;

--
-- Dumping data for table `post`
--

INSERT INTO `post` (`date`, `firstName`, `lastName`, `address`, `tellNumber`, `ItemSupplied`, `quantity`, `id`) VALUES
('2012-01-26', 'Aguero', 'Killer', 'jfdkfsdjfds', '054545443', '', 0, 3),
('2012-01-25', 'Killer3', 'Lisa', 'zsass', '233424324', 'aaasadasa', 23, 4),
('2012-01-25', 'dfdsfdd', 'dfcdsfdsf', '3232xsdsd', '23343432', 'scdsfcscdsc', 23, 5),
('2012-01-26', 'decsfds', 'dfdfdf', '34334dsfsvd', '332453532535', 'dfdfgdg', 3434, 6),
('2012-01-01', 'sdjhsdfsbh', 'sjcdscj', 'sdfdf', '123244325', 'dsfsd', 2147483647, 7),
('2012-01-10', 'Medical Suppliers', 'Ltd', 'East Legon', '0303334557', 'Antibiotics', 100, 10),
('2012-01-25', 'Aaronzy', '', 'mnsdns', '23232444', 'dcsdmfdf,d', 212, 11),
('2012-01-25', 'Aaronzy', 'not needed', 'mnsdns', '23232444', 'dcsdmfdf,d', 212, 13),
('2012-01-04', 'lisa', 'not needed', 'sdfsfdsf', '23132e2', 'ddds', 21, 15);

-- --------------------------------------------------------

--
-- Table structure for table `receive`
--

CREATE TABLE IF NOT EXISTS `receive` (
  `date` date NOT NULL,
  `items` varchar(255) NOT NULL,
  `itemId` varchar(255) NOT NULL,
  `quantity` int(11) NOT NULL,
  `unit` varchar(255) NOT NULL,
  `receiver` varchar(255) NOT NULL,
  `transactionId` varchar(255) NOT NULL,
  `id` int(255) NOT NULL AUTO_INCREMENT,
  PRIMARY KEY (`id`)
) ENGINE=InnoDB  DEFAULT CHARSET=latin1 AUTO_INCREMENT=7 ;

--
-- Dumping data for table `receive`
--

INSERT INTO `receive` (`date`, `items`, `itemId`, `quantity`, `unit`, `receiver`, `transactionId`, `id`) VALUES
('2012-01-25', 'ssas', 'ss', 21, 'zcxz', 'Banku', '13', 1),
('2012-01-25', 'ssas', 'ss', 21, 'zcxz', 'Aaronzy', '13', 2),
('2012-01-25', 'ssas', 'ss', 21, 'zcxz', 'axczzs', '13', 3),
('2012-01-28', 'pencil', '12dee2ew', 12, 'pen', 'rtrtet', '18', 4),
('2012-01-07', 'Amodiaquine', 'ANTI/009', 50, 'packets', 'Pharmacy', '21', 5),
('2012-01-09', 'Amodiaquine', 'ANTI/009', 50, 'packets', 'Pharmacy', '21', 6);

-- --------------------------------------------------------

--
-- Table structure for table `sponsorhipdetails`
--

CREATE TABLE IF NOT EXISTS `sponsorhipdetails` (
  `patientid` varchar(10) NOT NULL,
  `membershipid` varchar(10) DEFAULT NULL,
  `type` varchar(250) DEFAULT NULL,
  `benefitplan` varchar(200) DEFAULT NULL,
  `sponsorid` int(150) DEFAULT NULL,
  PRIMARY KEY (`patientid`)
) ENGINE=MyISAM DEFAULT CHARSET=latin1;

--
-- Dumping data for table `sponsorhipdetails`
--

INSERT INTO `sponsorhipdetails` (`patientid`, `membershipid`, `type`, `benefitplan`, `sponsorid`) VALUES
('PAT-003', 'MOM-123', 'private', 'Executive', 2),
('PAT-004', 'NAT_001', 'private', 'Executive', 3),
('PAT-005', 'NAT_001', 'private', 'Executive', 3),
('PAT-006', 'MOM-456', 'private', 'Diamond', 2),
('FIN0023', 'PRE0032', 'private', 'Premier', 3),
('PAT-034', '12345', 'private', 'Executive', 2),
('PAT123', 'NA', 'cash', 'NA', 2),
('Eben123', 'NA', 'nhis', 'NA', 2),
('PAT1001', 'NA', 'private', 'NA', 3),
('EGON11', 'NA', 'cash', 'NA', 8),
('TEST1', 'NA', 'cash', 'NA', 1);

-- --------------------------------------------------------

--
-- Table structure for table `sponsorship`
--

CREATE TABLE IF NOT EXISTS `sponsorship` (
  `sponshorshipid` int(11) NOT NULL AUTO_INCREMENT,
  `sponsorname` varchar(150) DEFAULT NULL,
  `type` varchar(150) DEFAULT NULL,
  `address` varchar(150) DEFAULT NULL,
  `contact` varchar(10) DEFAULT NULL,
  `email` varchar(100) DEFAULT NULL,
  PRIMARY KEY (`sponshorshipid`)
) ENGINE=MyISAM  DEFAULT CHARSET=latin1 AUTO_INCREMENT=9 ;

--
-- Dumping data for table `sponsorship`
--

INSERT INTO `sponsorship` (`sponshorshipid`, `sponsorname`, `type`, `address`, `contact`, `email`) VALUES
(1, 'Momentum', 'Private', 'Accra', '0264647746', '@oko.com'),
(2, 'Nationwide', 'Private', 'Accra', '0264647746', '@oko.com'),
(3, 'First Fidelity', 'Private', 'Accra', '0264647746', '@oko.com'),
(4, 'Premier', 'Private', 'Accra', '0264647746', '@oko.com'),
(5, 'Liberty', 'Private', 'Accra', '0264647746', '@oko.com'),
(6, 'MEDX', 'Private', 'Accra', '0264647746', '@oko.com'),
(7, 'NHIS', 'Private', 'Accra', '0264647746', '@oko.com'),
(8, 'OUT OF POCKET', 'Private', 'Accra', '0264647746', '@oko.com');

-- --------------------------------------------------------

--
-- Table structure for table `symptoms`
--

CREATE TABLE IF NOT EXISTS `symptoms` (
  `symptomid` int(11) NOT NULL AUTO_INCREMENT,
  `symptomname` varchar(255) NOT NULL,
  PRIMARY KEY (`symptomid`)
) ENGINE=MyISAM DEFAULT CHARSET=latin1 AUTO_INCREMENT=1 ;

--
-- Dumping data for table `symptoms`
--


-- --------------------------------------------------------

--
-- Table structure for table `transferlocation`
--

CREATE TABLE IF NOT EXISTS `transferlocation` (
  `transferid` int(11) NOT NULL AUTO_INCREMENT,
  `visitid` int(11) NOT NULL,
  `visitdate` date NOT NULL,
  `location` varchar(255) NOT NULL,
  `doctorid` varchar(255) NOT NULL,
  `diagnosisid` int(11) NOT NULL,
  `note` text,
  PRIMARY KEY (`transferid`)
) ENGINE=MyISAM DEFAULT CHARSET=latin1 AUTO_INCREMENT=1 ;

--
-- Dumping data for table `transferlocation`
--


-- --------------------------------------------------------

--
-- Table structure for table `treatment`
--

CREATE TABLE IF NOT EXISTS `treatment` (
  `treatmentid` int(11) NOT NULL AUTO_INCREMENT,
  `treatment` varchar(1000) NOT NULL,
  `price` double NOT NULL,
  PRIMARY KEY (`treatmentid`)
) ENGINE=MyISAM  DEFAULT CHARSET=latin1 AUTO_INCREMENT=1898 ;

--
-- Dumping data for table `treatment`
--

INSERT INTO `treatment` (`treatmentid`, `treatment`, `price`) VALUES
(1, 'Adrenaline (Epinephrine) Injection, B1/M R ADRENAIN1 100 microgram/ml (1:10 000) \r\n', 100),
(2, 'Adrenaline (Epinephrine) Injection, B1/M R ADRENAIN2 1 mg/ ml (1:1000) \r\n', 5),
(3, 'Atropine Injection, 0.6 mg/ml B2 R ATROPIIN1\r\n', 20),
(4, 'Atropine Injection, 1 mg/ml C R ATROPIIN2 \r\n', 5),
(5, 'Bupivacaine + Adrenaline Injection, (0.25% + 1:200 000) C NR BUPADRIN1 \r\n', 80),
(6, 'Bupivacaine + Adrenaline Injection, (0.5% + 1:200 000) C NR BUPADRIN2 \r\n', 100),
(7, 'Bupivacaine Injection, 0.25% (Plain) C R BUPIVAIN2 \r\n', 30),
(8, 'Bupivacaine Injection, 0.5% (Heavy) C R BUPIVAIN1 \r\n', 85),
(9, 'Diazep am Injection, 5 mg/ml B1/M R DIAZEPIN1 \r\n', 90),
(10, 'Ephedrine Hydrochloride Injection, 50 mg C R EPHEDRIN1 \r\n', 75),
(11, 'Fentanyl Citrate Injection, 50 microgram C NR FENCITIN1 \r\n', 75),
(12, 'Halothane Inhalation, 250 ml C NR HALOTHGA1 \r\n', 45),
(13, 'Isoflurane Inhalation, 100 ml C NR ISOFLUGA1 \r\n', 75),
(14, 'Ketamine Injection, 10 mg/ml C R KETAMIIN1 \r\n', 45),
(15, 'Ketamine Injection, 50 mg/ml C R KETAMIIN2 \r\n', 90),
(16, 'Ketorolac Injection, 30 mg/ml C NR KETOROIN1 \r\n', 100),
(17, 'Lidocaine Injection, 2% B1/M R LIDOCAIN2 \r\n', 100),
(18, 'Midazolam Injection, 5 mg/ml C R MIDAZOIN1 \r\n', 45),
(19, 'Midazolam Tablet, 15 mg C R MIDAZOTA1 \r\n', 100),
(20, 'Neostigmine Injection, 0.5 mg/ml C NR NEOSTIIN2 \r\n', 95),
(21, 'Neostigmine Injection, 2.5 mg/ml C R NEOSTIIN1 \r\n', 75),
(22, 'Nitrous Oxide Inhalation C NR NITOXIGA1 \r\n', 100),
(23, 'Noradrenaline (Norepinephrine) Injection, 1 mg/ml (1:1000) D NR NORADRIN1 \r\n', 10),
(24, 'Oxygen (Medicinal Gas) Inhalation B1/M NR OXYGENGA1 \r\n', 100),
(25, 'Pancuronium Bromide, 2 mg/ml C NR PANBROIN1 \r\n', 90),
(26, 'Propofol Injection, 10 mg/ml C R PROPOFIN1 \r\n', 95),
(27, 'Suxamethonium Succinylcholine Injection, 50mg/ml C NR SUXAMEIN1 \r\n', 60),
(28, 'Thiopentone Sodium Injection, 1 g C NR THISODIN1 \r\n', 55),
(29, 'Vecuronium Bromide Injection, 10 mg C NR VECBROIN1 \r\n', 95),
(30, 'Bupivacaine Injection, 5 mg/ml C R BUPIVAIN2 \r\n', 60),
(31, 'Lidocaine + Adrenaline Injection, (10 mg/ml + 5 microgram/ml) B2 R LIDADRIN2 \r\n', 30),
(32, 'Lidocaine + Adrenaline Injection, (20 mg/ml + 5 microgram/ml) B2 R LIDADRIN3 \r\n', 45),
(33, 'Lidocaine Cream, 2 % A/M R LIDOCACR1 \r\n', 55),
(34, 'Lidocaine Gel, 2 % B1/M R LIDOCAGE2 \r\n', 50),
(35, 'Lidocaine Injection, 1 % B1/M R LIDOCAIN1 \r\n', 30),
(36, 'Lidocaine Injection, 2 % B1/M R LIDOCAIN2 \r\n', 55),
(37, 'Lidocaine Injection, 20 mg/ml B2 R LIDOCAIN3 \r\n', 10),
(38, 'Lidocaine Spray, 10 % B1/M R LIDOCASP1 \r\n', 60),
(39, 'Atropine Injection, 0.6 mg/ml B2 R ATROPIIN1 \r\n', 45),
(40, 'Diazepam Injection, 5 mg/ml B1/M R DIAZEPIN1 \r\n', 25),
(41, 'Lorazepam Injection, 4 mg/ml D R LORAZEIN1 \r\n', 10),
(42, 'Lorazepam Tablet, 1 mg B2 R LORAZETA1 \r\n', 80),
(43, 'Lorazepam Tablet, 2 mg B2 R LORAZETA2 \r\n', 25),
(44, 'Midazolam Injection, 1mg/ml C R MIDAZOIN1 \r\n', 80),
(45, 'Acetyl Salicylic Acid Tablet, 300 mg B1/M R ACETYLTA1 \r\n', 80),
(46, 'Diclofenac Capsule, 75 mg B2 R DICLOFCA1 \r\n', 90),
(47, 'Diclofenac Gel, 1% A/M R DICLOFGE1\r\n', 45),
(48, 'Diclofenac Injection, 25 mg/ml  B2 R DICLOFIN1 \r\n', 25),
(49, 'Midazolam Tablet, 15 mg C R MIDAZOTA1 \r\n', 20),
(50, 'Diclofenac Suppository, 100 mg A/M R DICLOFRE2 \r\n', 5),
(51, 'Diclofenac Suppository, 50 mg A/M R DICLOFRE1 \r\n', 55),
(52, 'Diclofenac Tablet, 25 mg B2 R DICLOFTA1 \r\n', 80),
(53, 'Diclofenac Tablet, 50 mg B2 R DICLOFTA2 \r\n', 15),
(54, 'Ibuprofen Suspension, 100 mg/ 5 ml B1/M R IBUPROSU1 \r\n', 20),
(55, 'Ibuprofen Tablet, 200 mg B1/M R IBUPROTA1 \r\n', 90),
(56, 'Ibuprofen Tablet, 400 mg B1/M R IBUPROTA2 \r\n', 50),
(57, 'Paracetamol Suppository, 125 mg A/M R PARACERE1 \r\n', 50),
(58, 'Paracetamol Suppository, 250 mg A/M R PARACERE2 \r\n', 85),
(59, 'Paracetamol Suppository, 300 mg A/M R PARACERE3 \r\n', 35),
(60, 'Paracetamol Suppository, 500 mg A/M R PARACERE4 \r\n', 75),
(61, 'Paracetamol Syrup, 120 mg/ 5 ml A/M R PARACESY1 \r\n', 75),
(62, 'Paracetamol Tablet, 500 mg A/M R PARACETA1 \r\n', 50),
(63, 'Morphine Injection, 10 mg/ml (Preservative -Free) SD R MORPHIIN2 \r\n', 10),
(64, 'Morphine Injection, 10 mg/ml C R MORPHIIN1 \r\n', 95),
(65, 'Morphine Sulphate Tablet, 30 mg (Slow -Release) C R MORSULTA2 \r\n', 45),
(66, 'Morphine Sulphate Tablets, 10 mg C R MORSULTA1 \r\n', 90),
(67, 'Pethidine Injection, 50 mg/ml B2 R PETHIDIN1 \r\n', 95),
(68, 'Tramadol Hydrochloride Injection, 50 mg/ml B2 NR TRAHYDIN1 \r\n', 80),
(69, 'Tramadol Hydrochloride Capsule, 50 mg B2 NR TRAHYDCA1 \r\n', 50),
(70, 'Allopurinol Tablet, 100 mg B2 R ALLOPUTA1 \r\n', 85),
(71, 'Allopurinol Tablet, 300 mg B2 R ALLOPUTA2 \r\n', 80),
(72, 'Adrenaline Injection, 1 mg/ml (1:1000) B1/M R ADRENAIN1 \r\n', 25),
(73, 'Chlorphenamine Syrup, 2 mg/ 5 ml A/M R CHLPHESY1 \r\n', 40),
(74, 'Chlorphenamine Tablet, 4 mg A/M R CHLPHETA1 \r\n', 60),
(75, 'Dexamethasone Injection, 4mg/ml C R DEXAMEIN1 \r\n', 90),
(76, 'Dexamethasone Tablet, 500 micrograms D R DEXAMETA1 \r\n', 55),
(77, 'Hydrocortisone Cream, 1 % B1 R HYDROCCR1 \r\n', 40),
(78, 'Hydrocortisone Sodium Succinate Injection, 100 mg B1/M R HYSOSUIN1 \r\n', 20),
(79, 'Diclofenac Tablet, 25 mg B2 R DICLOFTA1 \r\n', 20),
(80, 'Diclofenac Tablet, 50 mg B2 R DICLOFTA2 \r\n', 45),
(81, 'Ibuprofen Suspension, 100 mg/ 5 ml B1/M R IBUPROSU1 \r\n', 55),
(82, 'Ibuprofen Tablet, 200 mg B1/M R IBUPROTA1 \r\n', 45),
(83, 'Ibuprofen Tablet, 400 mg B1/M R IBUPROTA2 \r\n', 95),
(84, 'Paracetamol Suppository, 125 mg A/M R PARACERE1 \r\n', 25),
(85, 'Paracetamol Suppository, 250 mg A/M R PARACERE2 \r\n', 60),
(86, 'Paracetamol Suppository, 300 mg A/M R PARACERE3 \r\n', 50),
(87, 'Paracetamol Suppository, 500 mg A/M R PARACERE4 \r\n', 20),
(88, 'Paracetamol Syrup, 120 mg/ 5 ml A/M R PARACESY1 \r\n', 70),
(89, 'Paracetamol Tablet, 500 mg A/M R PARACETA1 \r\n', 35),
(90, 'Morphine Injection, 10 mg/ml (Preservative -Free) SD R MORPHIIN2 \r\n', 40),
(91, 'Morphine Injection, 10 mg/ml C R MORPHIIN1 \r\n', 60),
(92, 'Morphine Sulphate Tablet, 30 mg (Slow -Release) C R MORSULTA2 \r\n', 65),
(93, 'Morphine Sulphate Tablets, 10 mg C R MORSULTA1 \r\n', 80),
(94, 'Pethidine Injection, 50 mg/ml B2 R PETHIDIN1 \r\n', 85),
(95, 'Tramadol Hydrochloride Injection, 50 mg/ml B2 NR TRAHYDIN1 \r\n', 25),
(96, 'Tramadol Hydrochloride Capsule, 50 mg B2 NR TRAHYDCA1 \r\n', 5),
(97, 'Allopurinol Tablet, 100 mg B2 R ALLOPUTA1 \r\n', 95),
(98, 'Allopurinol Tablet, 300 mg B2 R ALLOPUTA2 \r\n', 60),
(99, 'Adrenaline Injection, 1 mg/ml (1:1000) B1/M R ADRENAIN1 \r\n', 55),
(100, 'Chlorphenamine Syrup, 2 mg/ 5 ml A/M R CHLPHESY1 \r\n', 55),
(101, 'Chlorphenamine Tablet, 4 mg A/M R CHLPHETA1 \r\n', 45),
(102, 'Dexamethasone Injection, 4mg/ml C R DEXAMEIN1 \r\n', 90),
(103, 'Dexamethasone Tablet, 500 micrograms D R DEXAMETA1 \r\n', 90),
(104, 'Hydrocortisone Cream, 1 % B1 R HYDROCCR1 \r\n', 50),
(105, 'Hydrocortisone Sodium Succinate Injection, 100 mg B1/M R HYSOSUIN1 \r\n', 45),
(106, 'Hydrocortisone Tablet, 10 mg C NR HYDROCTA1 \r\n', 55),
(107, 'Hydrocortisone Tablet, 20 mg SD NR HYDROCTA2 \r\n', 60),
(108, 'Prednisolone Tablet, 5 mg B2 R PREDNITA1 \r\n', 40),
(109, 'Promethazine Hydrochloride Elixir, 5 mg/5 ml B1/M R PROHYDEL1 \r\n', 100),
(110, 'Promethazine Hydrochloride Injection, 25 mg /ml B1/M R PROHYDIN1 \r\n', 60),
(111, 'Promethazine Hydrochloride Tablet, 25 mg B1/M R PROMETTA1 \r\n', 55),
(112, 'Acetylcysteine Injection, 200 mg/ml C R ACETYLIN1 \r\n', 15),
(113, 'Activated Charcoal Powder, 50 g A/M R ACTCHAPO1 \r\n', 70),
(114, 'Atropine Injection, 0.6 mg/ml B2 R ATROPIIN1 \r\n', 85),
(115, 'Benzatropine Injection, 1 mg/ml C R BENZATIN1 \r\n', 60),
(116, 'Diazepam Injection, 10 mg/ml B1/M R DIAZEPIN1 \r\n', 55),
(117, 'Flumazenil Injection, 0.2 mg D R FLUMAZIN1 \r\n', 25),
(118, 'Naloxone Injection, 200 microgram /ml C R NALOXOIN1 \r\n', 100),
(119, 'Naloxone Injection, 400 microgram /ml C R NALOXOIN2 \r\n', 15),
(120, 'Phytomenadione Injection, 10 mg/ml B2/M R PHYTOMIN1 \r\n', 5),
(121, 'Phytomenadione Tablet, 10 mg B2 NR PHYTOMTA1 \r\n', 25),
(122, 'Carbamazepine Tablet, 200 mg (Sustained Release) SD R CARBAMTA3 \r\n', 60),
(123, 'Carbamazepine Tablet, 400 mg (Sustained Release) SD R CARBAMTA4 \r\n', 75),
(124, 'Carbamazepine Tablet, 100 mg C R CARBAMTA1 \r\n', 80),
(125, 'Carbamazepine Tablet, 200 mg C R CARBAMTA2 \r\n', 35),
(126, 'Diazepam Injection, 5 mg/ml B1/M R DIAZEPIN1 \r\n', 75),
(127, 'Diazepam Rectal Tubes, 2 mg/ml A/M R DIAZEPRS1 \r\n', 55),
(128, 'Ethosuximide Syrup, 250 mg/ 5 ml D R ETHOSUSY1 \r\n', 15),
(129, 'Ethosuximide Tablet, 250 mg D R ETHOSUTA1 \r\n', 80),
(130, 'Magnesium Sulphate Injection, 20 % B1/M R MAGSULIN1 \r\n', 35),
(131, 'Magnesium Sulphate Injection, 25 % B2/M R MAGSULIN2 \r\n', 90),
(132, 'Magnesium Sulphate Injection, 50 % C R MAGSULIN3 \r\n', 80),
(133, 'Phenobarbital Injection, 200 mg/ml B1 R PHENOBIN1 \r\n', 45),
(134, 'Hydrocortisone Tablet, 10 mg C NR HYDROCTA1 \r\n', 85),
(135, 'Hydrocortisone Tablet, 20 mg SD NR HYDROCTA2 \r\n', 20),
(136, 'Prednisolone Tablet, 5 mg B2 R PREDNITA1 \r\n', 85),
(137, 'Promethazine Hydrochloride Elixir, 5 mg/5 ml B1/M R PROHYDEL1 \r\n', 5),
(138, 'Promethazine Hydrochloride Injection, 25 mg /ml B1/M R PROHYDIN1 \r\n', 70),
(139, 'Promethazine Hydrochloride Tablet, 25 mg B1/M R PROMETTA1 \r\n', 10),
(140, 'Acetylcysteine Injection, 200 mg/ml C R ACETYLIN1 \r\n', 30),
(141, 'Activated Charcoal Powder, 50 g A/M R ACTCHAPO1 \r\n', 55),
(142, 'Atropine Injection, 0.6 mg/ml B2 R ATROPIIN1 \r\n', 5),
(143, 'Benzatropine Injection, 1 mg/ml C R BENZATIN1 \r\n', 95),
(144, 'Diazepam Injection, 10 mg/ml B1/M R DIAZEPIN1 \r\n', 90),
(145, 'Flumazenil Injection, 0.2 mg D R FLUMAZIN1 \r\n', 25),
(146, 'Naloxone Injection, 200 microgram /ml C R NALOXOIN1 \r\n', 65),
(147, 'Naloxone Injection, 400 microgram /ml C R NALOXOIN2 \r\n', 90),
(148, 'Phytomenadione Injection, 10 mg/ml B2/M R PHYTOMIN1 \r\n', 85),
(149, 'Phytomenadione Tablet, 10 mg B2 NR PHYTOMTA1 \r\n', 50),
(150, 'Carbamazepine Tablet, 200 mg (Sustained Release) SD R CARBAMTA3 \r\n', 100),
(151, 'Carbamazepine Tablet, 400 mg (Sustained Release) SD R CARBAMTA4 \r\n', 80),
(152, 'Carbamazepine Tablet, 100 mg C R CARBAMTA1 \r\n', 15),
(153, 'Carbamazepine Tablet, 200 mg C R CARBAMTA2 \r\n', 20),
(154, 'Diazepam Injection, 5 mg/ml B1/M R DIAZEPIN1 \r\n', 90),
(155, 'Diazepam Rectal Tubes, 2 mg/ml A/M R DIAZEPRS1 \r\n', 100),
(156, 'Ethosuximide Syrup, 250 mg/ 5 ml D R ETHOSUSY1 \r\n', 100),
(157, 'Ethosuximide Tablet, 250 mg D R ETHOSUTA1 \r\n', 55),
(158, 'Magnesium Sulphate Injection, 20 % B1/M R MAGSULIN1 \r\n', 85),
(159, 'Magnesium Sulphate Injection, 25 % B2/M R MAGSULIN2 \r\n', 10),
(160, 'Magnesium Sulphate Injection, 50 % C R MAGSULIN3 \r\n', 45),
(161, 'Phenobarbital Injection, 200 mg/ml B1 R PHENOBIN1 \r\n', 15),
(162, 'Phenytoin Injection, 50 mg/ml D R PHENYTIN1 \r\n', 45),
(163, 'Phenytoin Sodium Capsule, 100 mg B2 R PHENYTCA2 \r\n', 85),
(164, 'Phenytoin Sodium Tablet, 100 mg B2 R PHENYTTA1 \r\n', 20),
(165, 'Primidone Tablet, 250 mg C R PRIMIDTA1 \r\n', 20),
(166, 'Sodium Valproate Syrup, 200 mg/ 5 ml D R SODVALSY1 \r\n', 40),
(167, 'Sodium Valproate Capsule, 500 mg (Slow-Release) D R SODVALCA2 \r\n', 45),
(168, 'Sodium Valproate Capsule, 200 mg D R SODVALCA1 \r\n', 100),
(169, 'Sodium Valproate Tablet, 200 mg D R SODVALTA1 \r\n', 55),
(170, 'Albendazole Syrup, 100 mg/ 5ml A/M R ALBENDSY1 \r\n', 55),
(171, 'Albendazole Tablet, 200 mg A/M R ALBENDTA1 \r\n', 35),
(172, 'Albendazole Tablet, 400 mg A/M R ALBENDTA2 \r\n', 30),
(173, 'Mebendazole Tablet, 100 mg A/M R MEBENDTA1 \r\n', 65),
(174, 'Mebendazole Tablet, 500 mg A/M R MEBENDTA2 \r\n', 40),
(175, 'Niclosamide Tablet, 500 mg B2 R NICLOSTA1 \r\n', 20),
(176, 'Tiabendazole Suspension, 50 mg/ml B2 R TIABENSU1 \r\n', 80),
(177, 'Tiabendazole Tablet, 500 mg B2 R TIABENTA1 \r\n', 60),
(178, 'Praziquantel Tablet, 600 mg B1 R PRAZIQTA1 \r\n', 70),
(179, 'Amoxicillin + Clavulanic Acid Injection, (500 mg + 100 mg) B2 R COAMOXIN1 \r\n', 50),
(180, 'Amoxicillin + Clavulanic Acid Suspension, (250 mg + 62 mg) B2 R COAMOXSU1 \r\n', 60),
(181, 'Amoxicillin + Clavulanic Acid Suspension, (400 mg + 57mg) B2 R COAMOXSU2 \r\n', 100),
(182, 'Amoxicillin + Clavulanic Acid Tablet, (250 mg + 125 mg) B2 R COAMOXTA2 \r\n', 50),
(183, 'Amoxicillin + Clavulanic Acid Tablet, (500 mg + 125 mg) B2 R COAMOXTA1 \r\n', 95),
(184, 'Phenytoin Injection, 50 mg/ml D R PHENYTIN1 \r\n', 100),
(185, 'Phenytoin Sodium Capsule, 100 mg B2 R PHENYTCA2 \r\n', 95),
(186, 'Phenytoin Sodium Tablet, 100 mg B2 R PHENYTTA1 \r\n', 80),
(187, 'Primidone Tablet, 250 mg C R PRIMIDTA1 \r\n', 15),
(188, 'Sodium Valproate Syrup, 200 mg/ 5 ml D R SODVALSY1 \r\n', 50),
(189, 'Sodium Valproate Capsule, 500 mg (Slow-Release) D R SODVALCA2 \r\n', 100),
(190, 'Sodium Valproate Capsule, 200 mg D R SODVALCA1 \r\n', 10),
(191, 'Sodium Valproate Tablet, 200 mg D R SODVALTA1 \r\n', 5),
(192, 'Albendazole Syrup, 100 mg/ 5ml A/M R ALBENDSY1 \r\n', 15),
(193, 'Albendazole Tablet, 200 mg A/M R ALBENDTA1 \r\n', 55),
(194, 'Albendazole Tablet, 400 mg A/M R ALBENDTA2 \r\n', 25),
(195, 'Mebendazole Tablet, 100 mg A/M R MEBENDTA1 \r\n', 30),
(196, 'Mebendazole Tablet, 500 mg A/M R MEBENDTA2 \r\n', 95),
(197, 'Niclosamide Tablet, 500 mg B2 R NICLOSTA1 \r\n', 90),
(198, 'Tiabendazole Suspension, 50 mg/ml B2 R TIABENSU1 \r\n', 15),
(199, 'Tiabendazole Tablet, 500 mg B2 R TIABENTA1 \r\n', 10),
(200, 'Praziquantel Tablet, 600 mg B1 R PRAZIQTA1 \r\n', 40),
(201, 'Amoxicillin + Clavulanic Acid Injection, (500 mg + 100 mg) B2 R COAMOXIN1 \r\n', 100),
(202, 'Amoxicillin + Clavulanic Acid Suspension, (250 mg + 62 mg) B2 R COAMOXSU1 \r\n', 40),
(203, 'Amoxicillin + Clavulanic Acid Suspension, (400 mg + 57mg) B2 R COAMOXSU2 \r\n', 25),
(204, 'Amoxicillin + Clavulanic Acid Tablet, (250 mg + 125 mg) B2 R COAMOXTA2 \r\n', 10),
(205, 'Amoxicillin + Clavulanic Acid Tablet, (500 mg + 125 mg) B2 R COAMOXTA1 \r\n', 10),
(206, 'Amoxicillin Capsule, 250 mg B1/M R AMOXICCA1 \r\n', 65),
(207, 'Amoxicillin Capsule, 500 mg B1/M R AMOXICCA2 \r\n', 85),
(208, 'Amoxicillin Suspension, 125 mg/ 5 ml B1/M R AMOXICSU1 \r\n', 15),
(209, 'Ampicillin Injection, 500 mg B1/M R AMPICIIN1 \r\n', 95),
(210, 'Benzathine Benzylpenicillin Injection, 1.2 MU PD NR BENBENIN1 \r\n', 70),
(211, 'Benzathine Benzylpenicillin Injection, 2.4 MU PD NR BENBENIN2 \r\n', 50),
(212, 'Benzyl Penicillin Injection, 1 MU B2 R BENZYLIN1 \r\n', 35),
(213, 'Benzyl Penicillin Injection, 5 MU B2 R BENZYLIN2 \r\n', 70),
(214, 'Cloxacillin Injection, 250 mg B2 R CLOXACIN1 \r\n', 40),
(215, 'Cloxacillin Injection, 500 mg B2 R CLOXACIN2 \r\n', 15),
(216, 'Flucloxacillin Capsule, 250 mg B1/M R FLUCLOCA1 \r\n', 40),
(217, 'Flucloxacillin Suspension, 125 mg/ 5 ml B1/M R FLUCLOSU1 \r\n', 15),
(218, 'Phenoxymethyl Penicillin Tablet, 250 mg B1/M R PHEPENTA1 \r\n', 20),
(219, 'Tetracycline Capsule, 250mg B2 R TETRACCA1 \r\n', 5),
(220, 'Azithromycin Capsule, 250 mg C R AZITHRCA1 \r\n', 65),
(221, 'uspension, Azithromycin Oral s200 mg/ml C R AZITHRSU1 \r\n', 55),
(222, 'Cefaclor Capsule, 250 mg B2 R CEFACLCA1 \r\n', 75),
(223, 'Cefaclor Capsule, 500 mg B2 R CEFACLCA2 \r\n', 90),
(224, 'Cefaclor Suspension, 125 mg/ 5ml B2 R CEFACLSU1 \r\n', 45),
(225, 'Cefaclor Suspension, 250 mg/ 5ml B2 R CEFACLSU2 \r\n', 45),
(226, 'Cefotaxime Injection, 1 g C R CEFOTAIN2 \r\n', 60),
(227, 'Cefotaxime Injection, 500 mg C R CEFOTAIN1 \r\n', 90),
(228, 'Ceftriaxone Injection, 1 g C R CEFTRIIN2 \r\n', 95),
(229, 'Ceftriaxone Injection, 2 g C R CEFTRIIN3 \r\n', 5),
(230, 'Ceftriaxone Injection, 250 mg PD R CEFTRIIN1 \r\n', 95),
(231, 'Cefuroxime Injection, 1.5 g C R CEFUROIN2 \r\n', 90),
(232, 'Cefuroxime Injection, 750 mg C R CEFUROIN1 \r\n', 5),
(233, 'Cefuroxime Suspension, 125 mg/ 5 ml C R CEFUROSU1 \r\n', 5),
(234, 'Cefuroxime Tablet, 125 mg C R CEFUROTA1 \r\n', 40),
(235, 'Cefuroxime Tablet, 250 mg C R CEFUROTA2 \r\n', 55),
(236, 'Chloramphenicol Injection, 1 g C R CHLORAIN1 \r\n', 85),
(237, 'Ciprofloxacin Infusion, 2 mg/ml B2 R CIPROFIN1 \r\n', 95),
(238, 'Amoxicillin Capsule, 250 mg B1/M R AMOXICCA1 \r\n', 80),
(239, 'Amoxicillin Capsule, 500 mg B1/M R AMOXICCA2 \r\n', 75),
(240, 'Amoxicillin Suspension, 125 mg/ 5 ml B1/M R AMOXICSU1 \r\n', 20),
(241, 'Ampicillin Injection, 500 mg B1/M R AMPICIIN1 \r\n', 25),
(242, 'Benzathine Benzylpenicillin Injection, 1.2 MU PD NR BENBENIN1 \r\n', 35),
(243, 'Benzathine Benzylpenicillin Injection, 2.4 MU PD NR BENBENIN2 \r\n', 35),
(244, 'Benzyl Penicillin Injection, 1 MU B2 R BENZYLIN1 \r\n', 50),
(245, 'Benzyl Penicillin Injection, 5 MU B2 R BENZYLIN2 \r\n', 60),
(246, 'Cloxacillin Injection, 250 mg B2 R CLOXACIN1 \r\n', 20),
(247, 'Cloxacillin Injection, 500 mg B2 R CLOXACIN2 \r\n', 20),
(248, 'Flucloxacillin Capsule, 250 mg B1/M R FLUCLOCA1 \r\n', 75),
(249, 'Flucloxacillin Suspension, 125 mg/ 5 ml B1/M R FLUCLOSU1 \r\n', 40),
(250, 'Phenoxymethyl Penicillin Tablet, 250 mg B1/M R PHEPENTA1 \r\n', 5),
(251, 'Tetracycline Capsule, 250mg B2 R TETRACCA1 \r\n', 80),
(252, 'Azithromycin Capsule, 250 mg C R AZITHRCA1 \r\n', 10),
(253, 'uspension, Azithromycin Oral s200 mg/ml C R AZITHRSU1 \r\n', 55),
(254, 'Cefaclor Capsule, 250 mg B2 R CEFACLCA1 \r\n', 40),
(255, 'Cefaclor Capsule, 500 mg B2 R CEFACLCA2 \r\n', 85),
(256, 'Cefaclor Suspension, 125 mg/ 5ml B2 R CEFACLSU1 \r\n', 75),
(257, 'Cefaclor Suspension, 250 mg/ 5ml B2 R CEFACLSU2 \r\n', 45),
(258, 'Cefotaxime Injection, 1 g C R CEFOTAIN2 \r\n', 60),
(259, 'Cefotaxime Injection, 500 mg C R CEFOTAIN1 \r\n', 50),
(260, 'Ceftriaxone Injection, 1 g C R CEFTRIIN2 \r\n', 70),
(261, 'Ceftriaxone Injection, 2 g C R CEFTRIIN3 \r\n', 95),
(262, 'Ceftriaxone Injection, 250 mg PD R CEFTRIIN1 \r\n', 60),
(263, 'Cefuroxime Injection, 1.5 g C R CEFUROIN2 \r\n', 10),
(264, 'Cefuroxime Injection, 750 mg C R CEFUROIN1 \r\n', 30),
(265, 'Cefuroxime Suspension, 125 mg/ 5 ml C R CEFUROSU1 \r\n', 35),
(266, 'Cefuroxime Tablet, 125 mg C R CEFUROTA1 \r\n', 55),
(267, 'Cefuroxime Tablet, 250 mg C R CEFUROTA2 \r\n', 5),
(268, 'Chloramphenicol Injection, 1 g C R CHLORAIN1 \r\n', 60),
(269, 'Ciprofloxacin Infusion, 2 mg/ml B2 R CIPROFIN1 \r\n', 95),
(270, '\r\n', 20),
(271, 'Ciprofloxacin Tablet, 250 mg B1/M R CIPROFTA1 \r\n', 25),
(272, 'Ciprofloxacin Tablet, 500 mg B1/M R CIPROFTA2 \r\n', 75),
(273, 'Clarithromycin Capsule, 250 mg C R CLARITCA1 \r\n', 40),
(274, 'Clarithromycin Capsule, 500 mg C R CLARITCA2 \r\n', 20),
(275, 'Clarithromycin Paediatric Suspension, 125 mg/ml C R CLARITSU1 \r\n', 30),
(276, 'Clindamycin Capsule, 150 mg D R CLINDACA1 \r\n', 30),
(277, 'Clindamycin Injection, 150 mg/ml D R CLINDAIN1 \r\n', 95),
(278, 'Clindamycin Suspension, 75 mg/ 5 ml D R CLINDASU1 \r\n', 90),
(279, 'Co-trimoxazole Suspension, (200 mg + 40 mg) / 5 ml B1 R COTRIMSU1 \r\n', 95),
(280, 'Co-trimoxazole Tablet, (400 mg + 80 mg) B1 R COTRIMTA2 \r\n', 5),
(281, 'Doxycycline Capsule, 100 mg PD/SD R DOXYCYCA1 \r\n', 30),
(282, 'Erythromycin Syrup, 125 mg/ 5 ml B1/M R ERYTHRSY1 \r\n', 15),
(283, 'Erythromycin Tablet, 250 mg B1/M R ERYTHRTA1 \r\n', 5),
(284, 'Gentamicin Injection, 40 mg/ml C R GENTAMIN1 \r\n', 20),
(285, 'Neomycin Tablet, 500 mg C R NEOMYCTA1 \r\n', 40),
(286, 'Nitrofurantoin Tablet, 100 mg B2 R NITROFTA1 \r\n', 85),
(287, 'Ethambutol Tablet, 100 mg PD NR ETHAMBTA1 \r\n', 20),
(288, 'Ethambutol Tablet, 400 mg PD NR ETHAMBTA2 \r\n', 60),
(289, 'Isoniazid Tablet, 100 mg PD NR ISONIATA1 \r\n', 50),
(290, 'Isoniazid Tablet, 300 mg PD NR ISONIATA2 \r\n', 90),
(291, 'Pyrazinamide Tablet, 150 mg PD NR PYRAZITA1 \r\n', 60),
(292, 'Pyrazinamide Tablet, 400 mg PD NR PYRAZITA2\r\n', 100),
(293, 'Pyridoxine Tablet, 100 mg B2 R PYRIDOTA3 \r\n', 15),
(294, 'Pyridoxine Tablet, 50 mg B2 R PYRIDOTA2\r\n', 25),
(295, 'Rifa mpicin + Isoniazid + Ethambutol Tablet, (150 mg + 75 mg + 275 mg) PD NR RIISETTA1\r\n', 65),
(296, 'Rifampicin + Isoniazid + Pyrazinamide + Ethambutol Tablet, (150 mg + 75 mg + 400 mg + 275 mg) PD NR RIISPYTA2 \r\n', 85),
(297, 'Rifampicin + Isoniazid + Pyrazinamide Tablet, (60 mg + 30 mg + 150 mg) PD NR RIISPYTA1 \r\n', 5),
(298, 'Rifampicin + Isoniazid Tablet, (150 mg + 75 mg) PD NR RIFISOTA2 \r\n', 45),
(299, 'Rifampicin + Isoniazid Tablet, (60 mg + 30 mg) PD NR RIFISOTA1 \r\n', 30),
(300, 'Ciprofloxacin Tablet, 250 mg B1/M R CIPROFTA1 \r\n', 10),
(301, 'Ciprofloxacin Tablet, 500 mg B1/M R CIPROFTA2 \r\n', 30),
(302, 'Clarithromycin Capsule, 250 mg C R CLARITCA1 \r\n', 50),
(303, 'Clarithromycin Capsule, 500 mg C R CLARITCA2 \r\n', 80),
(304, 'Clarithromycin Paediatric Suspension, 125 mg/ml C R CLARITSU1 \r\n', 100),
(305, 'Clindamycin Capsule, 150 mg D R CLINDACA1 \r\n', 30),
(306, 'Clindamycin Injection, 150 mg/ml D R CLINDAIN1 \r\n', 5),
(307, 'Clindamycin Suspension, 75 mg/ 5 ml D R CLINDASU1 \r\n', 65),
(308, 'Co-trimoxazole Suspension, (200 mg + 40 mg) / 5 ml B1 R COTRIMSU1 \r\n', 90),
(309, 'Co-trimoxazole Tablet, (400 mg + 80 mg) B1 R COTRIMTA2 \r\n', 65),
(310, 'Doxycycline Capsule, 100 mg PD/SD R DOXYCYCA1 \r\n', 20),
(311, 'Erythromycin Syrup, 125 mg/ 5 ml B1/M R ERYTHRSY1 \r\n', 100),
(312, 'Erythromycin Tablet, 250 mg B1/M R ERYTHRTA1 \r\n', 65),
(313, 'Gentamicin Injection, 40 mg/ml C R GENTAMIN1 \r\n', 85),
(314, 'Neomycin Tablet, 500 mg C R NEOMYCTA1 \r\n', 75),
(315, 'Nitrofurantoin Tablet, 100 mg B2 R NITROFTA1 \r\n', 40),
(316, 'Ethambutol Tablet, 100 mg PD NR ETHAMBTA1 \r\n', 75),
(317, 'Ethambutol Tablet, 400 mg PD NR ETHAMBTA2 \r\n', 10),
(318, 'Isoniazid Tablet, 100 mg PD NR ISONIATA1 \r\n', 85),
(319, 'Isoniazid Tablet, 300 mg PD NR ISONIATA2 \r\n', 20),
(320, 'Pyrazinamide Tablet, 150 mg PD NR PYRAZITA1 \r\n', 50),
(321, 'Pyrazinamide Tablet, 400 mg PD NR PYRAZITA2\r\n', 10),
(322, 'Pyridoxine Tablet, 100 mg B2 R PYRIDOTA3\r\n', 35),
(323, 'Pyridoxine Tablet, 50 mg B2 R PYRIDOTA2 \r\n', 90),
(324, 'Rifa mpicin + Isoniazid + Ethambutol Tablet, (150 mg + 75 mg + 275 mg) PD NR RIISETTA1 \r\n', 40),
(325, 'Rifampicin + Isoniazid + Pyrazinamide + Ethambutol Tablet, (150 mg + 75 mg + 400 mg + 275 mg) PD NR RIISPYTA2 \r\n', 45),
(326, 'Rifampicin + Isoniazid + Pyrazinamide Tablet, (60 mg + 30 mg + 150 mg) PD NR RIISPYTA1 \r\n', 60),
(327, 'Rifampicin + Isoniazid Tablet, (150 mg + 75 mg) PD NR RIFISOTA2 \r\n', 20),
(328, 'Rifampicin + Isoniazid Tablet, (60 mg + 30 mg) PD NR RIFISOTA1 \r\n', 85),
(329, 'Metronidazole Suspension, 200 mg/ 5ml (as benzoate) B1/M R METRONSU2 \r\n', 90),
(330, 'Metronidazole Tablet, 200 mg B1/M R METRONTA1 \r\n', 50),
(331, 'Metronidazole Tablet, 400 mg B1/M R METRONTA2 \r\n', 80),
(332, 'Tinidazole Capsule, 500 mg B2 R TINIDACA1 \r\n', 60),
(333, 'Artemether + Lumefantrine Dispersible Tablet, (20 mg + 120 mg) (Co-Formulated) A/M R ARTLUMDT1 \r\n', 65),
(334, 'Artemether + Lumefantrine Tablet, (20 mg + 120 mg ) (Co -Formulated) A/M R ARTLUMTA1 \r\n', 25),
(335, 'Artesunate + Amodiaquine Granular Powder, (25 mg + 75 mg) A/M R ARTAMOPO1 \r\n', 80),
(336, 'Artesunate + Amodiaquine Tablet, (25 mg + 75 mg) (Co-Blistered) A/M R ARTAMOTA2 \r\n', 95),
(337, 'Artesunate + Amodiaquine Tablet, (50 mg + 150 mg) (Co -Blistered) A/M R ARTAMOTA1 \r\n', 95),
(338, 'Artesunate + Amodiaquine Tablet, (100 mg + 270 mg) (Fixed Dose) A/M R ARTAMOTA5 \r\n', 95),
(339, 'Rifampicin Tablet, 300 mg PD NR RIFAMPTA2 \r\n', 70),
(340, 'Streptomycin Sulphate Injection, 1 g PD NR STREPTIN1 \r\n', 35),
(341, 'Fluconaz ole Tablets, 50 mg C R FLUCONTA1 \r\n', 100),
(342, 'Griseofulvin Tablet, 125 mg B2 R GRISEOTA1 \r\n', 100),
(343, 'Griseofulvin Tablet, 500 mg B2 R GRISEOTA2 \r\n', 10),
(344, 'Itraconazole Tablet, 100 mg D R ITRACOTA1 \r\n', 25),
(345, 'Ketoconazole Tablet, 200 mg C R KETOCOTA1 \r\n', 60),
(346, 'Miconazole Oral Gel, 20 mg/g C R MICONAOG1 \r\n', 55),
(347, 'Nystatin Suspension, 100 000 IU/ml B2 R NYSTATSU1 \r\n', 10),
(348, 'Nystatin Tablet, 100 000 IU C R NYSTATTA1 \r\n', 40),
(349, 'Nystatin Tablet, 500 000 IU C R NYSTATTA2 \r\n', 10),
(350, 'Terbinafine Hydrochloride Tablet, 250 mg D R TERBINTA1 \r\n', 45),
(351, 'Metronidazole Injection, 5 mg/ml B2 R METRONIN1 \r\n', 95),
(352, 'Metronidazole Suppository, 500 mg B2 R METRONRE1 \r\n', 35),
(353, 'Metronidazole Suspension, 100 mg/ 5ml (as benzoate) B1/M R METRONSU1 \r\n', 35),
(354, 'Metronidazole Suspension, 200 mg/ 5ml (as benzoate) B1/M R METRONSU2 \r\n', 90),
(355, 'Metronidazole Tablet, 200 mg B1/M R METRONTA1 \r\n', 50),
(356, 'Metronidazole Tablet, 400 mg B1/M R METRONTA2 \r\n', 30),
(357, 'Tinidazole Capsule, 500 mg B2 R TINIDACA1 \r\n', 90),
(358, 'Artemether + Lumefantrine Dispersible Tablet, (20 mg + 120 mg) (Co-Formulated) A/M R ARTLUMDT1 \r\n', 90),
(359, 'Artemether + Lumefantrine Tablet, (20 mg + 120 mg ) (Co -Formulated) A/M R ARTLUMTA1 \r\n', 70),
(360, 'Artesunate + Amodiaquine Granular Powder, (25 mg + 75 mg) A/M R ARTAMOPO1 \r\n', 85),
(361, 'Artesunate + Amodiaquine Tablet, (25 mg + 75 mg) (Co-Blistered) A/M R ARTAMOTA2 \r\n', 45),
(362, 'Artesunate + Amodiaquine Tablet, (50 mg + 150 mg) (Co -Blistered) A/M R ARTAMOTA1 \r\n', 95),
(363, 'Artesunate + Amodiaquine Tablet, (100 mg + 270 mg) (Fixed Dose) A/M R ARTAMOTA5 \r\n', 30),
(364, 'Rifampicin Tablet, 300 mg PD NR RIFAMPTA2 \r\n', 25),
(365, 'Streptomycin Sulphate Injection, 1 g PD NR STREPTIN1 \r\n', 15),
(366, 'Fluconaz ole Tablets, 50 mg C R FLUCONTA1 \r\n', 10),
(367, 'Griseofulvin Tablet, 125 mg B2 R GRISEOTA1 \r\n', 55),
(368, 'Griseofulvin Tablet, 500 mg B2 R GRISEOTA2 \r\n', 60),
(369, 'Itraconazole Tablet, 100 mg D R ITRACOTA1 \r\n', 25),
(370, 'Ketoconazole Tablet, 200 mg C R KETOCOTA1 \r\n', 40),
(371, 'Miconazole Oral Gel, 20 mg/g C R MICONAOG1 \r\n', 15),
(372, 'Nystatin Suspension, 100 000 IU/ml B2 R NYSTATSU1 \r\n', 40),
(373, 'Nystatin Tablet, 100 000 IU C R NYSTATTA1 \r\n', 60),
(374, 'Nystatin Tablet, 500 000 IU C R NYSTATTA2 \r\n', 30),
(375, 'Terbinafine Hydrochloride Tablet, 250 mg D R TERBINTA1 \r\n', 30),
(376, 'Metronidazole Injection, 5 mg/ml B2 R METRONIN1 \r\n', 95),
(377, 'Metronidazole Suppository, 500 mg B2 R METRONRE1 \r\n', 40),
(378, 'Metronidazole Suspension, 100 mg/ 5ml (as benzoate) B1/M R METRONSU1 \r\n', 85),
(379, 'Acyclovir Tablet, 200 mg B2 R ACICLOTA1 \r\n', 45),
(380, 'Acyclovir Injection, 25 mg/ml C R ACICLOIN1 \r\n', 50),
(381, 'Acyclovir Suspension, 200 mg/ 5ml B2 R ACICLOSU2 \r\n', 15),
(382, 'Acetyl Salicylic Acid Tablet, 300 mg B1 R ACETYLTA1 \r\n', 40),
(383, 'Ergotamine Tartrate Tablet, 1 mg C R ERGTARTA1 \r\n', 5),
(384, 'Ergotamine Tartrate Tablet, 2 mg C R ERGTARTA2 \r\n', 80),
(385, 'Paracetamol Tablet, 500 mg A/M R PARACETA1 \r\n', 90),
(386, 'Propranolol Tablet, 40 mg B2 R PROPRATA2 \r\n', 55),
(387, 'Artesunate + Amodiaquine Tablet, (25 mg + 67.5 mg) (Fixed Dose) A/M R ARTAMOTA3 \r\n', 90),
(388, 'Artesunate + Amodiaquine Tablet, (50 mg + 135 mg) (Fixed Dose) A/M R ARTAMOTA4 \r\n', 15),
(389, 'Artesunate Injection, 60 mg (as Anhydrous Artesunic acid) + 5 % Sodium bicarbonate solution for reconstitution B2 R ARTESUIN1 \r\n', 85),
(390, 'Artesunate Suppository, 200 mg A/M R ARTESURE2 \r\n', 70),
(391, 'Artesunate Suppository, 50 mg A/M R ARTESURE1 \r\n', 40),
(392, 'Arthemether Injection, 40 mg/ml B2 R ARTHEMIN1 \r\n', 70),
(393, 'Arthemether Injection, 80 mg/ml B2 R ARTHEMIN2 \r\n', 95),
(394, 'Dihydroartemisinin + Piperaquine Tablet, (40 mg + 320 mg) (Co-Formulated) A/M R DIHPIPTA1 \r\n', 95),
(395, 'Quinine Dihydrochloride Syrup, 20 mg/ml B2 R QUININSY1 \r\n', 100),
(396, 'Quinine Sulphate Tablet, 300 mg B2/M R QUININTA1 \r\n', 5),
(397, 'Sulfadoxine + Pyrimethamine Tablet, (500 mg + 25 mg) PD NR SULPYRTA1 \r\n', 60),
(398, 'Quinine Dihydrochloride Injection, 300 mg/ml in 2 mls B2 R QUINININ1\r\n', 85),
(399, 'Acyclovir Tablet, 200 mg B2 R ACICLOTA1 \r\n', 80),
(400, 'Acyclovir Injection, 25 mg/ml C R ACICLOIN1 \r\n', 35),
(401, 'Acyclovir Suspension, 200 mg/ 5ml B2 R ACICLOSU2 \r\n', 30),
(402, 'Acetyl Salicylic Acid Tablet, 300 mg B1 R ACETYLTA1 \r\n', 70),
(403, 'Ergotamine Tartrate Tablet, 1 mg C R ERGTARTA1 \r\n', 50),
(404, 'Ergotamine Tartrate Tablet, 2 mg C R ERGTARTA2 \r\n', 5),
(405, 'Paracetamol Tablet, 500 mg A/M R PARACETA1 \r\n', 55),
(406, 'Propranolol Tablet, 40 mg B2 R PROPRATA2 \r\n', 20),
(407, 'Artesunate + Amodiaquine Tablet, (25 mg + 67.5 mg) (Fixed Dose) A/M R ARTAMOTA3 \r\n', 95),
(408, 'Artesunate + Amodiaquine Tablet, (50 mg + 135 mg) (Fixed Dose) A/M R ARTAMOTA4 \r\n', 45),
(409, 'Artesunate Injection, 60 mg (as Anhydrous Artesunic acid) + 5 % Sodium bicarbonate solution for reconstitution B2 R ARTESUIN1 \r\n', 65),
(410, 'Artesunate Suppository, 200 mg A/M R ARTESURE2 \r\n', 95),
(411, 'Artesunate Suppository, 50 mg A/M R ARTESURE1 \r\n', 55),
(412, 'Arthemether Injection, 40 mg/ml B2 R ARTHEMIN1 \r\n', 70),
(413, 'Arthemether Injection, 80 mg/ml B2 R ARTHEMIN2 \r\n', 45),
(414, 'Dihydroartemisinin + Piperaquine Tablet, (40 mg + 320 mg) (Co-Formulated) A/M R DIHPIPTA1 \r\n', 75),
(415, 'Quinine Dihydrochloride Syrup, 20 mg/ml B2 R QUININSY1 \r\n', 85),
(416, 'Quinine Sulphate Tablet, 300 mg B2/M R QUININTA1 \r\n', 30),
(417, 'Sulfadoxine + Pyrimethamine Tablet, (500 mg + 25 mg) PD NR SULPYRTA1 \r\n', 35),
(418, 'Quinine Dihydrochloride Injection, 300 mg/ml in 2 mls B2 R QUINININ1 \r\n', 30),
(419, '5-Fluorouracil Injection, 50 mg/ml D R 5FLUORIN1 \r\n', 60),
(420, '6-Mercaptopurine Tablet, 50 mg D NR MERCAPTA1 \r\n', 70),
(421, 'Adriamycin Hydrochloride Injection, 10 mg D NR ADRIAMIN1 \r\n', 30),
(422, 'Adriamycin Hydrochloride Injection, 50 mg D R ADRIAMIN2 \r\n', 50),
(423, 'Bicalutamide Tablet, 150 mg D NR BICALUTA2 \r\n', 10),
(424, 'Bicalutamide Tablet, 50 mg D NR BICALUTA1 \r\n', 45),
(425, 'Bleomycin Injection, 15 IU D NR BLEOMYIN1 \r\n', 80),
(426, 'Busulphan Tablet, 2 mg D NR BUSULFTA2 \r\n', 90),
(427, 'Busulphan Tablet, 500 microgram D NR BUSULFTA1 \r\n', 10),
(428, 'Capecitabine Tablet, 500 mg D R CAPECITA1 \r\n', 25),
(429, 'Chlorambucil Tablet, 2 mg D NR CHLORATA1 \r\n', 80),
(430, 'Chlorambucil Tablet, 5 mg D NR CHLORATA2 \r\n', 45),
(431, 'Cisplatin Injection, 50 mg D NR CISPLAIN1 \r\n', 5),
(432, 'Crisantaspase Injection, 10 000 units D NR CRISANIN1 \r\n', 75),
(433, 'Cyclophosphamide Injection, 200 mg D NR CYCLOPIN2 \r\n', 95),
(434, 'Cyclophosphamide Injection, 500 mg D R CYCLOPIN1 \r\n', 35),
(435, 'Cyclophosphamide Tablet, 50 mg D NR CYCLOPTA1 \r\n', 45),
(436, 'Cytarabine Injection, 100 mg D NR CYTARAIN1 \r\n', 95),
(437, 'Dacarbazine Injection, 100 mg D NR DACARBIN1 \r\n', 75),
(438, 'Daunorubicin Injection, 50 mg D NR DAUNORIN2 \r\n', 95),
(439, 'Docetaxel Injection (Concentrate), 20 mg/ 0.5 ml D R DOCETAIN1 \r\n', 65),
(440, 'Estramustine Phosphate Capsules, 140 mg D NR ESTPHOCA1 \r\n', 25),
(441, 'Estramustine Phosphate Capsules, 280 mg D NR ESTPHOCA2 \r\n', 75),
(442, 'Etoposide Capsule, 100 mg D NR ETOPOSCA1 \r\n', 35),
(443, 'Etoposide Injection, 20 mg/ml D NR ETOPOSIN1 \r\n', 10),
(444, 'Flutamide Tablet, 250 mg D NR FLUTAMTA1 \r\n', 15),
(445, 'Folinic Acid Injection, 15 mg D NR FOLINIIN1 \r\n', 45),
(446, 'Folinic Acid Tablet, 15 mg D NR FOLINITA1 \r\n', 70),
(447, 'Goserelin Injection, 10.8 mg D NR GOSEREIN2 \r\n', 80),
(448, 'Goserelin Injection, 3.6 mg D NR GOSEREIN1 \r\n', 55),
(449, 'Hydroxycarbamide Capsule, 500 mg B2 NR HYDCARTA2 \r\n', 5),
(450, 'Imatinib Tablet, 100 mg D NR IMATINTA1 \r\n', 80),
(451, 'Imatinib Tablet, 400 mg D NR IMATINTA2 \r\n', 70),
(452, 'Leuprolide Acetate Injection, 3.75 mg/ml D NR LEUPROIN1 \r\n', 75),
(453, 'Methotrexate Injection, 2.5 mg/ml D R METHOTIN1 \r\n', 30),
(454, 'Methotrexate Injection, 25 mg/ml D R METHOTIN2 \r\n', 55),
(455, 'Methotrexate Tablet, 10 mg D R METHOTTA2 \r\n', 95),
(456, 'Methotrexate Tablet, 2.5 mg D R METHOTTA1 \r\n', 100),
(457, 'Mitoxantrone Injection, 2 mg/ml D NR MITOXAIN1 \r\n', 75),
(458, 'OncoTICE (Bacillus Calmette-BCG, Strain TICE) Injection SD NR ONCOTIIN1 \r\n', 60),
(459, 'Procarbazine Tablet, 50 mg D NR PROCARTA1 \r\n', 80),
(460, 'Stilboestrol Tablet, 1 mg D NR STILBOTA1 \r\n', 5),
(461, 'Stilboestrol Tablet, 2 mg D NR STILBOTA2 \r\n', 80),
(462, 'Stilboestrol Tablet, 5 mg D NR STILBOTA3 \r\n', 55),
(463, 'Thiotepa Injection, 15 mg SD NR THIOTEIN1 \r\n', 10),
(464, 'Vinblastine Injection, 1 mg/ml D NR VINBLAIN1 \r\n', 10),
(465, 'Vincristine Injection, 1 mg D NR VINCRIIN1 \r\n', 20),
(466, 'Vincristine Injection, 2 mg D NR VINCRIIN2 \r\n', 65),
(467, 'Vincristine Injection, 5 mg D NR VINCRIIN3 \r\n', 10),
(468, 'Prednisolone Tablet, 5 mg B2 R PREDNITA1 \r\n', 85),
(469, 'Benzatropine Tablet, 2 mg C R BENZATTA1 \r\n', 75),
(470, 'Biperiden Injection, 5 mg/ml C NR BIPERIIN1 \r\n', 30),
(471, 'Biperiden Tablet, 2 mg C NR BIPERITA1 \r\n', 30),
(472, 'Trihexyphenidyl Tablet, 2 mg C R TRIHEXTA1 \r\n', 80),
(473, 'Trihexyphenidyl Tablet, 5 mg C R TRIHEXTA2 \r\n', 65),
(474, 'Flutamide Tablet, 250 mg D NR FLUTAMTA1 \r\n', 80),
(475, 'Folinic Acid Injection, 15 mg D NR FOLINIIN1 \r\n', 75),
(476, 'Folinic Acid Tablet, 15 mg D NR FOLINITA1 \r\n', 65),
(477, 'Goserelin Injection, 10.8 mg D NR GOSEREIN2 \r\n', 30),
(478, 'Goserelin Injection, 3.6 mg D NR GOSEREIN1 \r\n', 80),
(479, 'Hydroxycarbamide Capsule, 500 mg B2 NR HYDCARTA2 \r\n', 85),
(480, 'Imatinib Tablet, 100 mg D NR IMATINTA1 \r\n', 40),
(481, 'Imatinib Tablet, 400 mg D NR IMATINTA2 \r\n', 5),
(482, 'Leuprolide Acetate Injection, 3.75 mg/ml D NR LEUPROIN1 \r\n', 15),
(483, 'Methotrexate Injection, 2.5 mg/ml D R METHOTIN1 \r\n', 10),
(484, 'Methotrexate Injection, 25 mg/ml D R METHOTIN2 \r\n', 35),
(485, 'Methotrexate Tablet, 10 mg D R METHOTTA2 \r\n', 80),
(486, 'Methotrexate Tablet, 2.5 mg D R METHOTTA1 \r\n', 80),
(487, 'Mitoxantrone Injection, 2 mg/ml D NR MITOXAIN1 \r\n', 75),
(488, 'OncoTICE (Bacillus Calmette-BCG, Strain TICE) Injection SD NR ONCOTIIN1 \r\n', 40),
(489, 'Procarbazine Tablet, 50 mg D NR PROCARTA1 \r\n', 30),
(490, 'Stilboestrol Tablet, 1 mg D NR STILBOTA1 \r\n', 85),
(491, 'Stilboestrol Tablet, 2 mg D NR STILBOTA2 \r\n', 90),
(492, 'Stilboestrol Tablet, 5 mg D NR STILBOTA3 \r\n', 55),
(493, 'Thiotepa Injection, 15 mg SD NR THIOTEIN1 \r\n', 35),
(494, 'Vinblastine Injection, 1 mg/ml D NR VINBLAIN1 \r\n', 55),
(495, 'Vincristine Injection, 1 mg D NR VINCRIIN1 \r\n', 80),
(496, 'Vincristine Injection, 2 mg D NR VINCRIIN2 \r\n', 70),
(497, 'Vincristine Injection, 5 mg D NR VINCRIIN3 \r\n', 65),
(498, 'Prednisolone Tablet, 5 mg B2 R PREDNITA1 \r\n', 35),
(499, 'Benzatropine Tablet, 2 mg C R BENZATTA1 \r\n', 35),
(500, 'Biperiden Injection, 5 mg/ml C NR BIPERIIN1 \r\n', 20),
(501, 'Biperiden Tablet, 2 mg C NR BIPERITA1 \r\n', 60),
(502, 'Trihexyphenidyl Tablet, 2 mg C R TRIHEXTA1 \r\n', 15),
(503, 'Trihexyphenidyl Tablet, 5 mg C R TRIHEXTA2 \r\n', 55),
(504, 'Ferrous Sulphate + Folic Acid Tablet, (60 mg + 250 microgram) A/M R FESUFOTA1\r\n', 70),
(505, 'Ferrous Fumarate Tablet, (100 mg Elemental Iron) B1/M R FERFUMTA1 \r\n', 80),
(506, 'Ferrous Sulphate (BPC) Syrup, 60 mg/ 5 ml B1/M R FERSULSY1 \r\n', 35),
(507, 'Ferrous Sulphate Tablet, (60 mg Elemental Iron) B1/M R FERSULTA1 \r\n', 35),
(508, 'Folic Acid Tablet, 5 mg B1/M R FOLACITA1 \r\n', 5),
(509, 'Hydroxycobalamine Injection, 1 mg/ml D R HYDROXIN1 \r\n', 60),
(510, 'Iron Dextran Injection, 100 mg/ 2 ml C R IRODEXIN1 \r\n', 70),
(511, 'Iron Sucrose Injection, 20 mg/ml D R IROSUCIN1 \r\n', 85),
(512, 'Acetyl Salicylic Acid Tablet, 75 mg (Dispersible) C R ACETYLDT1 \r\n', 65),
(513, 'Heparin [Low molecular weight] Injection, 4000 units/ml C R HEPARIIN4 \r\n', 55),
(514, 'Heparin Injection, 1000 units/ml D R HEPARIIN1 \r\n', 65),
(515, 'Heparin Injection, 5000 units/ 0.2 ml D R HEPARIIN2 \r\n', 10),
(516, 'Heparin Injection, 5000 units/ml D R HEPARIIN3 \r\n', 5),
(517, 'Phytomenadione Tablet, 10 mg B2 NR PHYTOMTA1 \r\n', 80),
(518, 'Phytomenadione Injection, 1 mg/ml M R PHYTOMIN1 \r\n', 70),
(519, 'Phytomenadione Injection, 10 mg/ml B2 R PHYTOMIN2 \r\n', 95),
(520, 'Protamine sulphate Injection, 10 mg/ml D R PROSULIN1 \r\n', 5),
(521, 'Streptokinase Injection, 100 000 units D R STREPKIN1 \r\n', 75),
(522, 'Streptokinase Injection, 250 000 units D R STREPKIN2 \r\n', 85),
(523, 'Streptokinase Injection, 750 000 units D R STREPKIN3 \r\n', 20),
(524, 'Tirofiban Infusion, 250 micrograms/ml (Concentrate) D R TIROFIIN2 \r\n', 85),
(525, 'Tirofiban Infusion, 50 micrograms/ml D R TIROFIIN1 \r\n', 85),
(526, 'Tranexamic Acid Capsule, 250 mg D R TRAACICA1 \r\n', 100),
(527, 'Tranexamic Acid Injection, 100 mg/ml D R TRAACIIN1 \r\n', 55),
(528, 'Tranexamic Acid Tablet, 500 mg D R TRAACITA1 \r\n', 25),
(529, 'Warfarin Tablet, 5 mg (Scored) D R WARFARTA3 \r\n', 45),
(530, 'Warfarin Tablet, 1 mg D R WARFARTA1 \r\n', 30),
(531, 'Warfarin Tablet, 3 mg D R WARFARTA2 \r\n', 30),
(532, 'Cryoprecipitate B2 NR CRYOPRIN1 \r\n', 15),
(533, 'Fresh Frozen Plasma B2 NR FRFRPLIN1\r\n', 20),
(534, 'Gelatin Infusion (Succinylated Gelatin) B2 R GELATIIN1 \r\n', 95),
(535, 'Packed Red Cells B2 NR PARECEIN1 \r\n', 55),
(536, 'Platelet Concentrate B2 NR PLACONIN1 \r\n', 75),
(537, 'Glyceryl Trinitrate Sublingual Tablet, 500 microgram C R GLTRSUTA1 \r\n', 5),
(538, 'Isosorbide Dinitrate Sublingual Tablet, 5 mg C R ISDISUTA1 \r\n', 30),
(539, 'Isosorbide Dinitrate Tablet, 10 mg C R ISODINTA1 \r\n', 40),
(540, 'Nifedipine Tablet, 10 mg (Slow-Release) B2 R NIFEDITA1 \r\n', 30),
(541, 'Nifedipine Tablet, 20 mg (Slow -Release) B2 R NIFEDITA2 \r\n', 35),
(542, 'Nifedipine Tablet, 30 mg (GITS) B2 R NIFEDITA3 \r\n', 100),
(543, 'Propranolol Tablet, 10 mg B2 R PROPRATA1 \r\n', 75),
(544, 'Propranolol Tablet, 40 mg B2 R PROPRATA2 \r\n', 5),
(545, 'Propranolol Tablet, 80 mg B2 R PROPRATA3 \r\n', 35),
(546, 'Lidocaine Injection, 20 mg/ml B2 R LIDOCAIN3 \r\n', 60),
(547, 'Amlodipine Tablet, 5 mg B2 R AMLODITA1 \r\n', 5),
(548, 'Amlodipine Tablet, 10 mg B2 R AMLODITA2 \r\n', 70),
(549, 'Atenolol + Hydrochlorthiazide Tablet, (100 mg + 25 mg) B2 R ATEHYDTA2 \r\n', 70),
(550, 'Atenolol + Hydrochlorthiazide Tablet, (50 mg + 25 mg) B2 R ATEHYDTA1 \r\n', 25),
(551, 'Atenolol Injection, 500 microgram/ml D R ATENOLIN1 \r\n', 35),
(552, 'Atenolol Tablet, 100 mg C R ATENOLTA3 \r\n', 15),
(553, 'Atenolol Tablet, 25 mg B2 R ATENOLTA1 \r\n', 75),
(554, 'Atenolol Tablet, 50 mg B2 R ATENOLTA2 \r\n', 100),
(555, 'Bendroflumethiazide Tablet, 2.5 mg B2 R BENDROTA1 \r\n', 50),
(556, 'Bendroflumethiazide Tablet, 5 mg B2 R BENDROTA2 \r\n', 95),
(557, 'Bisoprolol Tablet, 5 mg D NR BISOPRTA1 \r\n', 35),
(558, 'Bisoprolol Tablet, 10 mg D NR BISOPRTA2 \r\n', 55),
(559, 'Candesartan Tablet, 8 mg D NR CANDESTA1 \r\n', 70),
(560, 'Candesartan Tablet, 16 mg D NR CANDESTA2 \r\n', 85),
(561, 'Dobutamine Injection, 12.5 mg/ml D NR DOBUTAIN1 \r\n', 90),
(562, 'Hydralazine Injection, 20 mg C R HYDRALIN1 \r\n', 40),
(563, 'Hydralazine Tablet, 25 mg C R HYDRALTA1 \r\n', 50),
(564, 'Labetalol Injection, 5 mg/ml D R LABETAIN1 \r\n', 50),
(565, 'Losartan Tablet, 25 mg D R LOSARTTA1 \r\n', 5),
(566, 'Losartan Tablet, 50 mg D R LOSARTTA2 \r\n', 70),
(567, 'Losartan Tablet, 100 mg D R LOSARTTA3 \r\n', 80),
(568, 'Methyldopa Tablet, 250 mg B2 R METHYLTA1 \r\n', 35),
(569, 'Nifedipine Capsule, 5 mg D R NIFEDICA1 \r\n', 25),
(570, 'Nifedipine Capsule, 10 mg D R NIFEDICA2 \r\n', 55),
(571, 'Nifedipine Tablet, 10 mg (Slow-Release) B2 R NIFEDITA1 \r\n', 80),
(572, 'Nifedipine Tablet, 20 mg (Slow-Release) B2 R NIFEDITA2 \r\n', 65),
(573, 'Nifedipine Tablet, 30 mg (GITS) B2 R NIFEDITA3 \r\n', 40),
(574, 'Prazosin Tablet, 500 microgram D R PRAZOSTA1 \r\n', 5),
(575, 'Propranolol Injection, 1 mg/ml D R PROPRAIN1 \r\n', 100),
(576, 'Propranolol Tablet, 10 mg B2 R PROPRATA1 \r\n', 30),
(577, 'Propranolol Tablet, 40 mg B2 R PROPRATA2 \r\n', 25),
(578, 'Propranolol Tablet, 80 mg B2 R PROPRATA3 \r\n', 50),
(579, 'Ramipril Tablet, 2.5 mg C R RAMIPRTA1 \r\n', 50),
(580, 'Digoxin Elixir, 50 microgram/ml C R DIGOXIEL1 \r\n', 45),
(581, 'Digoxin Tablet, 125 microgram C R DIGOXITA1 \r\n', 35),
(582, 'Digoxin Tablet, 250 microgram C R DIGOXITA2 \r\n', 60),
(583, 'Atorvastatin Tablet, 10 mg C R ATORVATA1 \r\n', 10),
(584, 'Atorvastatin Tablet, 20 mg C R ATORVATA2 \r\n', 70),
(585, 'Fluvastatin Capsule, 20 mg D R FLUVASCA1 \r\n', 5),
(586, 'Rosuvastatin Tablet, 5 mg D R ROSUVATA1 \r\n', 95),
(587, 'Rosuvastatin Tablet, 10 mg D R ROSUVATA2 \r\n', 100),
(588, 'Simvastatin Tablet, 10 mg C R SIMVASTA1 \r\n', 55),
(589, 'Simvastatin Tablet, 20 mg C R SIMVASTA2 \r\n', 20),
(590, 'Simvastatin Tablet, 40 mg D R SIMVASTA3 \r\n', 100),
(591, 'Simvastatin Tablet, 80 mg D R SIMVASTA4 \r\n', 90),
(592, 'Bisoprolol Tablet, 5 mg D NR BISOPRTA1 \r\n', 15),
(593, 'Bisoprolol Tablet, 10 mg D NR BISOPRTA2 \r\n', 70),
(594, 'Candesartan Tablet, 8 mg D NR CANDESTA1 \r\n', 70),
(595, 'Candesartan Tablet, 16 mg D NR CANDESTA2 \r\n', 30),
(596, 'Dobutamine Injection, 12.5 mg/ml D NR DOBUTAIN1 \r\n', 30),
(597, 'Hydralazine Injection, 20 mg C R HYDRALIN1 \r\n', 55),
(598, 'Hydralazine Tablet, 25 mg C R HYDRALTA1 \r\n', 55),
(599, 'Labetalol Injection, 5 mg/ml D R LABETAIN1 \r\n', 30),
(600, 'Losartan Tablet, 25 mg D R LOSARTTA1 \r\n', 70),
(601, 'Losartan Tablet, 50 mg D R LOSARTTA2 \r\n', 15),
(602, 'Losartan Tablet, 100 mg D R LOSARTTA3 \r\n', 80),
(603, 'Methyldopa Tablet, 250 mg B2 R METHYLTA1 \r\n', 10),
(604, 'Nifedipine Capsule, 5 mg D R NIFEDICA1 \r\n', 45),
(605, 'Nifedipine Capsule, 10 mg D R NIFEDICA2 \r\n', 90),
(606, 'Nifedipine Tablet, 10 mg (Slow-Release) B2 R NIFEDITA1 \r\n', 30),
(607, 'Nifedipine Tablet, 20 mg (Slow-Release) B2 R NIFEDITA2 \r\n', 75),
(608, 'Nifedipine Tablet, 30 mg (GITS) B2 R NIFEDITA3 \r\n', 95),
(609, 'Prazosin Tablet, 500 microgram D R PRAZOSTA1 \r\n', 80),
(610, 'Propranolol Injection, 1 mg/ml D R PROPRAIN1 \r\n', 50),
(611, 'Propranolol Tablet, 10 mg B2 R PROPRATA1 \r\n', 95),
(612, 'Propranolol Tablet, 40 mg B2 R PROPRATA2 \r\n', 75),
(613, 'Propranolol Tablet, 80 mg B2 R PROPRATA3 \r\n', 90),
(614, 'Ramipril Tablet, 2.5 mg C R RAMIPRTA1 \r\n', 40),
(615, 'Digoxin Elixir, 50 microgram/ml C R DIGOXIEL1 \r\n', 60),
(616, 'Digoxin Tablet, 125 microgram C R DIGOXITA1 \r\n', 90),
(617, 'Digoxin Tablet, 250 microgram C R DIGOXITA2 \r\n', 95),
(618, 'Atorvastatin Tablet, 10 mg C R ATORVATA1 \r\n', 5),
(619, 'Atorvastatin Tablet, 20 mg C R ATORVATA2 \r\n', 70),
(620, 'Fluvastatin Capsule, 20 mg D R FLUVASCA1 \r\n', 20),
(621, 'Rosuvastatin Tablet, 5 mg D R ROSUVATA1 \r\n', 100),
(622, 'Rosuvastatin Tablet, 10 mg D R ROSUVATA2 \r\n', 50),
(623, 'Simvastatin Tablet, 10 mg C R SIMVASTA1 \r\n', 70),
(624, 'Simvastatin Tablet, 20 mg C R SIMVASTA2 \r\n', 35),
(625, 'Simvastatin Tablet, 40 mg D R SIMVASTA3 \r\n', 85),
(626, 'Simvastatin Tablet, 80 mg D R SIMVASTA4 \r\n', 5),
(627, 'Hydrocortisone Sodium Succinate Injection, 100 mg B1/M R HYSOSUIN1 \r\n', 20),
(628, 'Benzoic Acid + Salicylic Acid Ointment, (6 % + 3 %) B1 R BEACSAOI1 \r\n', 90),
(629, 'Ciclopirox Olamine Cream, 1 % B1/M R CICOLACR1 \r\n', 40),
(630, 'Clotrimazole + Hydrocortisone Cream, (2 % + 1 % ) C NR CLOHYDCR2 \r\n', 15),
(631, 'Clotrimazole Cream, 2 % B2 R CLOTRICR2 \r\n', 90),
(632, 'Clotrimazole Pessary, 100 mg B2/M R CLOTRIVP1 \r\n', 100),
(633, 'Clotrimazole Topical Solution, 1 % B2 R CLOTRISO1 \r\n', 85),
(634, 'Clotrimazole Vaginal Tablet, 200 mg B2/M R CLOTRIVP2 \r\n', 55),
(635, 'Gentian Violet Paint, 1 % A/M R GENVIPSO1 \r\n', 45),
(636, 'Miconazole Cream, 2 % B2 R MICONACR1 \r\n', 90),
(637, 'Miconazole Oral Gel, 24 mg/ml B2 R MICONAOG1 \r\n', 65),
(638, 'Selenium Sulphide Shampoo, 2.5 % C R SELSULSH1 \r\n', 95),
(639, 'Cetrimide + Chlorhexidine Gluconate Solution, (0.15 % + 0.015 %) B1 R CETCHLSO1 \r\n', 5),
(640, 'Cetrimide + Chlorhexidine Gluconate Solution, (15 % + 1.5 %) B1 R CETCHLSO2 \r\n', 15),
(641, 'Cetrimide Cream, 0.5 % B1/M R CETRIMCR1 \r\n', 5),
(642, 'Acyclovir Cream, 5 % C R ACICLOCR1 \r\n', 5),
(643, 'Cetrimide Solution B1/M NR CETRIMSO1\r\n', 75),
(644, 'Chlorhexidine Cream, 1 % B1/M R CHLORHCR1 \r\n', 35),
(645, 'Chlorhexidine Solution, 2.5 % B1/M R CHLORHSO2 \r\n', 35),
(646, 'Crotamiton Lotion, 10 % B1 R CROTAMLO1 \r\n', 45),
(647, 'Betamethasone Valerate Cream, 0.05 % D R BETVALCR1 \r\n', 35),
(648, 'Betamethasone Valerate Cream, 0.1 % D R BETVALCR2 \r\n', 30),
(649, 'Calamine Cream, 15 % B1/M R CALAMICR1\r\n', 35),
(650, 'Calamine Lotion, 15 % B1/M R CALAMILO1 \r\n', 50),
(651, 'Silver Sulphadiazine Cream, 1 % C R SILSULCR1 \r\n', 20),
(652, 'Hydrocortisone Cream, 1 % B1 R HYDROCCR1 \r\n', 95),
(653, 'Salicylic Acid Ointment, 2 % B1 R SALACIOI1 \r\n', 75),
(654, 'Benzyl Benzoate Lotion, 25 % B2 R BENBENLO1 \r\n', 70),
(655, 'Lindane Lotion, 1 % B2 R LINDANLO1 \r\n', 10),
(656, 'Aqueous Cream BP B1 R AQUEOUCR1 \r\n', 65),
(657, 'Benzoyl Peroxide Solution, 5 % C R BENPERSO1\r\n', 5),
(658, 'Benzoyl Peroxide Solution, 10 % C R BENPERSO2 \r\n', 100),
(659, 'Clindamycin Solution, 1 % C R CLINDASO1 \r\n', 15),
(660, 'Mercurochrome Solution B2 R MERCURSO1\r\n', 95),
(661, 'Fluorescein Solution, 2 % C NR FLUORESO1\r\n', 90),
(662, 'Fluorescein Strips C NR FLUOREST1\r\n', 25),
(663, 'Methylcellulose Eye Drops, 1 % D NR METHYLID1\r\n', 35),
(664, 'Methylcellulose Eye Drops, 1 % D NR METHYLID2\r\n', 20),
(665, 'Rose Bengal Minims, 1 % D NR ROSBENMI1 \r\n', 100),
(666, 'Tropicamide Eye Drops, 1 % C NR TROPICID1 \r\n', 35),
(667, 'Diagnostic Strips -Glucose B1 NR DIASTRGL1\r\n', 55),
(668, 'Diagnostic Strips -Multipurpose B2 NR DIASTRMU1 \r\n', 65),
(669, 'Diagnostic Strips -Protein B2 NR DIASTRPR1 \r\n', 50),
(670, 'Diagnostic Tablets -Glucose B1 NR DIATABGL1\r\n', 35),
(671, 'Diagnostic Tablets -Ketones B1 NR DIATABKE1 \r\n', 30),
(672, 'Edrophonium Injection, 10 mg/ml D NR EDROPHIN1 \r\n', 80),
(673, 'Chlorhexidine Cream, 1 % B1 R CHLORHCR1 \r\n', 100),
(674, 'Chlorhexidine Solution, 2.5 % B1/M R CHLORHSO2 \r\n', 45),
(675, 'Chlorhexidine Solution, 4 % in detergent base B2 NR CHLORHSO1 \r\n', 25),
(676, 'Povidone Iodine (aq.) Solution, 10 % B1 R POVIDOSO1 \r\n', 5),
(677, 'Bendroflumethiazide Tablet, 2.5 mg B2 R BENDROTA1 \r\n', 70),
(678, 'Bendroflumethiazide Tablet, 5 mg B2 R BENDROTA2 \r\n', 70),
(679, 'Furosemide Injection, 10 mg/ml B2 R FUROSEIN1 \r\n', 60),
(680, 'Furosemide Tablet, 40 mg B2 R FUROSETA1 \r\n', 80),
(681, 'Mannitol Injection, 10 % C R MANNITIN1 \r\n', 90),
(682, 'Mannitol Injection, 20 % C R MANNITIN2 \r\n', 50),
(683, 'Metolazone Tablet, 5 mg D R METOLATA1 \r\n', 30),
(684, 'Spironolactone Tablet, 25 mg C R SPIRONTA1 \r\n', 70),
(685, 'Spironolactone Tablet, 50 mg C R SPIRONTA2 \r\n', 50),
(686, 'Calcium Carbonate Tablet, 500 mg B1 R CALCARTA1 \r\n', 80),
(687, 'Esomeprazole Capsule, 20 mg D R ESOMEPCA1 \r\n', 80),
(688, 'Esomeprazole Capsule, 40 mg D R ESOMEPCA2 \r\n', 65),
(689, 'Esomeprazole Injection, 40 mg D NR ESOMEPIN1 \r\n', 40),
(690, 'Magnesium Trisilicate Mixture A/M R MAGTRIMI1 \r\n', 15),
(691, 'Magnesium Trisilicate Tablet, 500 mg A/M R MAGTRITA1 \r\n', 55),
(692, 'Omeprazole Capsule, 20 mg D R OMEPRATA1 \r\n', 20),
(693, 'Rabeprazole Capsule, 10 mg D NR RABEPRCA1 \r\n', 80),
(694, 'Rabeprazole Capsule, 20 mg D R RABEPRCA2 \r\n', 70),
(695, 'Ranitidine Injection, 25 mg/ml C NR RANITIIN1 \r\n', 90),
(696, 'Ranitidine Tablet, 150 mg C R RANITITA1 \r\n', 80),
(697, 'Dexamethasone Tablet, 1 mg D R DEXAMETA2 \r\n', 20),
(698, 'Dexamethasone Tablet, 500 microgram D R DEXAMETA1 \r\n', 80),
(699, 'Domperidone Tablet, 10 mg D R DOMPERTA1 \r\n', 55),
(700, 'Granisetron Injection, 1 mg/ml D R GRANISIN1 \r\n', 70),
(701, 'Granisetron Tablet, 1 mg D R GRANISTA1 \r\n', 20),
(702, 'Metoclopramide Injection, 5 mg/ml C R METOCLIN1 \r\n', 95),
(703, 'Metoclopramide Tablet, 10 mg C R METOLATA1 \r\n', 65),
(704, 'Promethazine Hydrochloride Elixir, 5 mg/ 5 ml B1/M R PROHYDEL1 \r\n', 20),
(705, 'Promethazine Hydrochloride Injection, 25 mg/ml B1/M R PROHYDIN1 \r\n', 65),
(706, 'Promethazine Teoclate Tablet, 25 mg B1/M R PROTHETA1 \r\n', 100),
(707, 'Hyoscine -N-Butyl -Bromide Injection, 20 mg/ml B1/M R HYOBUTIN1 \r\n', 95),
(708, 'Hyoscine -N-Butyl- Bromide Tablet, 10 mg B1/M R HYOBUTTA1 \r\n', 10),
(709, 'Mebeverine Tablet, 135 mg C R MEBEVETA1 \r\n', 20),
(710, 'Bisacodyl Suppository, 10 mg B2 NR BISACORE1 \r\n', 20),
(711, 'Bisacodyl Tablet, 5 mg B2 R BISACOTA1 \r\n', 25),
(712, 'Lactulose Liquid, 3.1 -3.7g/ 5 ml C R LACTULLI1 \r\n', 70),
(713, 'Magnesium Sulphate, Salt C R MAGSULPO1 \r\n', 80),
(714, 'Paraffin Liquid A/M R PARAFFLI1 \r\n', 85),
(715, 'Senna Syrup, 7.5 mg/ 5 ml B1 NR SENNA SY1 \r\n', 20),
(716, 'Senna Tablet, 7.5 mg B1 NR SENNA TA1 \r\n', 85),
(717, 'Soothing Agent + Local Anaesthetic Sup pository M R SOOANARE1 \r\n', 60),
(718, 'Soothing Agent + Local Anaesthetic Ointment M R SOOANAOI1 \r\n', 35),
(719, 'Soothing Agent + Local Anaesthetic + Steroid Suppository B2 R SOANSTRE1 \r\n', 5),
(720, 'Soothing Agent + Local Anaesthetic + Steroid Ointment B2 R SOANSTOI1 \r\n', 95),
(721, 'Oral Rehydration Salts Sachet A/M R ORRESAPO1 \r\n', 75),
(722, 'Oral Rehydration Salts + Zinc Sachet A/M R ORRESAPO2 \r\n', 90),
(723, 'Codeine Tablet, 30 mg B2 R CODEINTA1 \r\n', 100),
(724, 'Dexamethasone Injection, 4 mg/ml C R DEXAMEIN1 \r\n', 25),
(725, 'Hydrocortisone Sodium Succinate Injection, 100 mg B1/M R HYSOSUIN1 \r\n', 35),
(726, 'Prednisolone Tablet, 5 mg B2 R PREDNITA1 \r\n', 70),
(727, 'Condoms (Female) A/PD NR CONDOMFE \r\n', 95),
(728, 'Condoms (Male) A/PD NR CONDOMMA \r\n', 70),
(729, 'Ethinylestradiol + Levonorgestrel \r\n', 25),
(730, '(Injectable Contraceptives) PD NR ETHLEVIN1 \r\n', 75),
(731, 'Ethinylestradiol + Levonorgestrel (Oral Hormonal Contraceptives) PD NR ETHLEVTA1 \r\n', 40),
(732, 'Ethinylestradiol + Norethisterone (Oral Contraceptives) PD NR ETHNORTA1 \r\n', 35),
(733, 'Levonorgestrel 0.75 mg (Oral contraceptive, mini pill) PD NR LEVONOTA1 \r\n', 95),
(734, 'Levonorgestrel Emergency Contraceptives, 1.5 mg PD NR LEVONOTA2 \r\n', 15),
(735, 'Levonorgestrel Implant Contraceptives PD NR LEVONOTA3 \r\n', 90),
(736, 'Levonorgestrel Intra Uterine Contraceptives (Hormonal) PD NR LEINUTIN1 \r\n', 80),
(737, 'Medroxyprogesterone Acetate Injection, 150 mg (Depot) PD NR MEDACEIN1 \r\n', 80),
(738, 'Conjugated Oestrogen + Norgesterol Tablet, 625 microgram + 150 microgram C R COOENOTA1 \r\n', 20),
(739, 'Conju gated Oestrogen Tablet, 625 microgram D R CONOESTA1 \r\n', 20),
(740, 'Conjugated Oestrogen Vaginal cream, 625 micrograms/g D R CONOESVC1 \r\n', 65),
(741, 'Gliclazide Tablet, 80 mg C R GLICLATA1 \r\n', 100),
(742, 'Glibenclamide Tablet, 5 mg B2 R GLIBENTA1 \r\n', 55),
(743, 'Glimepiride Tablet, 1 mg C R GLIMEPTA1 \r\n', 10),
(744, 'Glimepiride Tablet, 2 mg C R GLIMEPTA2 \r\n', 70),
(745, 'Glimepiride Tablet, 4 mg C R GLIMEPTA4 \r\n', 100),
(746, 'Glucagon Injection, 1 mg C R GLUCAGIN1 \r\n', 35),
(747, 'Insulin aspart, 100 units/ml D NR INSASPIN1 \r\n', 95),
(748, 'Insulin detemir, 100 units/ml D NR INSDETIN1 \r\n', 95),
(749, 'Insulin glargine, 100 units/ml D NR INSGLAIN1 \r\n', 85),
(750, 'Insulin lispro, 100 units/ml D NR INSLISIN1 \r\n', 40),
(751, 'Insulin pre -mixed (30/70) HM Injection, 100 units/ml C R INPRMIIN1 \r\n', 20),
(752, 'Insulin Soluble HM, 100 units/ml C R INSSOLIN1 \r\n', 35),
(753, 'Isophane Insulin Injection (HM), 100 units/ml C R ISOINSIN1 \r\n', 10),
(754, 'Metformin Tablet, 500 mg B2 R METFORTA1 \r\n', 5),
(755, 'Pioglitazone Tablet, 15 mg C R PIOGLITA1 \r\n', 25),
(756, 'Pioglitazone Tablet, 30 mg C R PIOGLITA2 \r\n', 95),
(757, 'Rosiglitazone Tablet, 4 mg C R ROSIGLTA1 \r\n', 25),
(758, 'Tolbutamide Tablet, 500 mg B2 R TOLBUTTA1 \r\n', 45),
(759, 'Clomifene Citrate Tablet, 50 mg D NR CLOMIFTA1 \r\n', 45);
INSERT INTO `treatment` (`treatmentid`, `treatment`, `price`) VALUES
(760, 'Medroxyprogesterone Acetate Tablet, 5 mg D R MEDACETA1 \r\n', 15),
(761, 'Norethisterone Tablet, 5 mg D R NORETHTA1 \r\n', 55),
(762, 'Carbimazole Tablet, 20 mg C R CARBIMTA2 \r\n', 50),
(763, 'Carbimazole Tablet, 5 mg C R CARBIMTA1 \r\n', 60),
(764, 'Levothyroxine Tablet, 100 microgram C R LEVSODTA3 \r\n', 10),
(765, 'Levothyroxine Tablet, 50 microgram C R LEVSODTA2 \r\n', 75),
(766, 'Propylthiouracil Tablet, 50 mg D R PROPYLTA1 \r\n', 10),
(767, 'Bromocriptine Tablet, 2.5 mg D R BROMOCTA1 \r\n', 10),
(768, 'Tuberculin (PPD) Injection, 20 units/ml B2 NR TUBERCIN1 \r\n', 5),
(769, 'Anti D Rh Immunoglobulin Injection C R ANIMGLIN1 \r\n', 60),
(770, 'Antirabies Immunoglobulins Injection, 1000 IU/ 5 ml B1 NR ANRAIMIN1 \r\n', 95),
(771, 'Anti -Snake Serum (West African \r\n', 80),
(772, 'Polyvalent) Injection, 1500 IU/ml \r\n', 95),
(773, 'B1 NR ANSNVEIN1 \r\n', 50),
(774, 'Tetanus Toxoid Injection, 40 IU (0.5 ml) B1/M NR TETTOXIN1 \r\n', 70),
(775, 'Tetanus Immunoglobulins Injection, 250 IU/ml B1/M R TETIMMIN1 \r\n', 70),
(776, 'Tetanus Immunoglobulins Injection, 5000 IU/amp R TETIMMIN2 C \r\n', 70),
(777, 'Isophane Insulin Injection (HM), 100 units/ml C R ISOINSIN1 \r\n', 100),
(778, 'Metformin Tablet, 500 mg B2 R METFORTA1 \r\n', 5),
(779, 'Pioglitazone Tablet, 15 mg C R PIOGLITA1 \r\n', 45),
(780, 'Pioglitazone Tablet, 30 mg C R PIOGLITA2 \r\n', 80),
(781, 'Rosiglitazone Tablet, 4 mg C R ROSIGLTA1 \r\n', 85),
(782, 'Tolbutamide Tablet, 500 mg B2 R TOLBUTTA1 \r\n', 55),
(783, 'Clomifene Citrate Tablet, 50 mg D NR CLOMIFTA1 \r\n', 90),
(784, 'Medroxyprogesterone Acetate Tablet, 5 mg D R MEDACETA1 \r\n', 20),
(785, 'Norethisterone Tablet, 5 mg D R NORETHTA1 \r\n', 85),
(786, 'Carbimazole Tablet, 20 mg C R CARBIMTA2 \r\n', 65),
(787, 'Carbimazole Tablet, 5 mg C R CARBIMTA1 \r\n', 40),
(788, 'Levothyroxine Tablet, 100 microgram C R LEVSODTA3 \r\n', 45),
(789, 'Levothyroxine Tablet, 50 microgram C R LEVSODTA2 \r\n', 100),
(790, 'Propylthiouracil Tablet, 50 mg D R PROPYLTA1 \r\n', 10),
(791, 'Bromocriptine Tablet, 2.5 mg D R BROMOCTA1 \r\n', 40),
(792, 'Tuberculin (PPD) Injection, 20 units/ml B2 NR TUBERCIN1 \r\n', 80),
(793, 'Anti D Rh Immunoglobulin Injection C R ANIMGLIN1 \r\n', 65),
(794, 'Antirabies Immunoglobulins Injection, 1000 IU/ 5 ml B1 NR ANRAIMIN1 \r\n', 55),
(795, 'Anti -Snake Serum (West African Polyvalent) Injection, 1500 IU/ml B1 NR ANSNVEIN1 \r\n', 50),
(796, 'Tetanus Toxoid Injection, 40 IU (0.5 ml) B1/M NR TETTOXIN1 \r\n', 55),
(797, 'Tetanus Immunoglobulins Injection, 250 IU/ml B1/M R TETIMMIN1 \r\n', 45),
(798, 'Tetanus Immunoglobulins Injection, 5000 IU/amp R TETIMMIN2 C \r\n', 45),
(799, 'Five in One Vaccine Injection (Diphtheria, Pertussis, Tetanus, Haemophilus influenzae b and Hepatitis B) PD NR FIINONIN1 \r\n', 85),
(800, 'Bacillus Calmette-Guérin (BCG) Vaccine Injection PD NR BCGVACIN1 \r\n', 25),
(801, 'Hepatitis B Vaccine Injection PD NR HEPBVAIN1 \r\n', 90),
(802, 'Measles Vaccine Injection PD NR MEAVACIN1 \r\n', 40),
(803, 'Poliomyelitis Vaccine Oral Solution PD NR POLVACSO1 \r\n', 95),
(804, 'Tetanus Vaccine Injection, 40 IU/ 5 ml B1/PD NR TETVACIN1 \r\n', 50),
(805, 'Yellow Fever Vaccine Injection PD NR YEFEVAIN1 \r\n', 95),
(806, 'Meningococcal Vaccine Injection B1 NR MENVACIN1 \r\n', 10),
(807, 'Rabies Vaccine Injection B1 NR RABVACIN1 \r\n', 10),
(808, 'Tetanus Toxoid Injection, 40 IU (0.5 ml) B1 NR TETTOXIN1 \r\n', 75),
(809, 'Tetanus Vaccine Injection, 40 IU/ 5 ml B1/PD NR TETVACIN1 \r\n', 30),
(810, 'Atracurium Injection, 10 mg/ml D NR ATRACUIN1 \r\n', 50),
(811, 'Neostigmine Injection, 0.5 mg C NR NEOSTIIN2 \r\n', 35),
(812, 'Yellow Fever Vaccine Injection PD NR YEFEVAIN1 \r\n', 45),
(813, 'Neostigmine Injection, 2.5 mg C R NEOSTIIN1 \r\n', 5),
(814, 'Rocuro nium Injection, 10 mg/ml D NR ROCUROIN1 \r\n', 55),
(815, 'Suxamethonium Injection, 100 mg/ 2 ml C NR SUXAMEIN1 \r\n', 70),
(816, 'Vecuronium Bromide Injection, 10 mg C NR VECBROIN1 \r\n', 80),
(817, 'Acyclovir Eye Ointment, 3% C R ACICLOEO1 \r\n', 40),
(818, 'Chloramphenicol Ear, Eye Drops, 0.5 % B1/M R CHLORAID1 \r\n', 85),
(819, 'Chloramphenicol Eye Ointment, 1 % B1/M R CHLORAEO1 \r\n', 40),
(820, 'Ciprofloxacin Eye Drops, 3 % C R CIPROFID1 \r\n', 20),
(821, 'Erythromycin Ointment, 0.5 % B1 NR ERYTHROI1 \r\n', 75),
(822, 'Fluconazole Ophthalmic Solution SD NR FLUCONID1 \r\n', 10),
(823, 'Genta micin Eye Drops, 0.3 % B1 R GENTAMID1 \r\n', 85),
(824, 'Gentamicin Ointment, 0.3 % B1 NR GENTAOI1 \r\n', 75),
(825, 'Natamycin Eye Drops, 5 % SD NR NATAMYID1 \r\n', 80),
(826, 'Tetracycline Eye Ointment, 0.5 % B1 R TETRACEO1 \r\n', 5),
(827, 'Tetracycline Eye Ointment, 1 % B1 R TETRACEO2 \r\n', 50),
(828, 'Lodoxamide Eye Drops, 0.1 % C R LODOXAID1 \r\n', 25),
(829, 'Sodium Cromoglycate Eye Drops, 4 % C NR SODCROID1 \r\n', 20),
(830, 'Atropine Sulphate Eye Drops, 0.5 % C NR ATROPIID1 \r\n', 15),
(831, 'Atropine Sulphate Eye Drops, 1 % C R ATROPIID2 \r\n', 10),
(832, 'Cyclopentolate Eye Drops, 0.5 % SD NR CYCLOPID1 \r\n', 85),
(833, 'Cyclopentolate Eye Drops, 1 % SD R CYCLOPID2 \r\n', 90),
(834, 'Cyclopentolate Eye Drops, 2 % SD NR CYCLOPID3 \r\n', 60),
(835, 'Phenylephrine Eye Drops, 10 % SD NR PHENYLID2 \r\n', 5),
(836, 'Phenylephrine Eye Drops, 2.5 % SD NR PHENYLID1 \r\n', 5),
(837, 'Corticosteroid + Antibiotic Eye Drops C R CORANTID1 \r\n', 50),
(838, 'Corticosteroid + Antibiotic Eye Ointment C R CORANTEO1 \r\n', 75),
(839, 'Dexamethasone Eye Drops, 1 % C R DEXAMEID1 \r\n', 90),
(840, 'Dexamethasone Eye Ointment, 1 % C R DEXAMEEO1 \r\n', 25),
(841, 'Hydrocortisone Eye Drops, 1 % C R HYDROCCR1 \r\n', 35),
(842, 'Hydrocortisone Eye Ointment, 1 % C R HYDROCEO1 \r\n', 10),
(843, 'Acetazolamide Injection, 500 mg C R ACETAZIN1 \r\n', 85),
(844, 'Acetazolamide Tablet, 250 mg C R ACETAZTA1 \r\n', 5),
(845, 'Bimatoprost Eye Drops, 300 micrograms/ml SD NR BIMATOID1 \r\n', 40),
(846, 'Latanoprost Eye Drops, 50 micrograms/ml SD NR LATANOID1 \r\n', 45),
(847, 'Pilocarpine Eye Drops, 2 % C R PILOCAID1 \r\n', 50),
(848, 'Pilocarpine Eye Drops, 4 % C R PILOCAID2 \r\n', 65),
(849, 'Timolol Maleate Eye Drops, 0.5 % C R TIMMALID1 \r\n', 70),
(850, 'Ergometrine Injection, 0.2 mg/ml B1/M R ERGOMEIN1 \r\n', 100),
(851, 'Ergometrine Injection, 0.5 mg/ml B1/M R ERGOMEIN2 \r\n', 5),
(852, 'Ergometrine Tablet, 0.2 mg A/M R ERGOTATA1 \r\n', 75),
(853, 'Ergometrine Tablet, 0.5 mg A/M R ERGOMETA1 \r\n', 95),
(854, 'Mifepristone Tablet, 600 microgram SD NR MIFEPRTA1 \r\n', 60),
(855, 'Tetracycline Eye Ointment, 0.5 % B1 R TETRACEO1 \r\n', 60),
(856, 'Tetracycline Eye Ointment, 1 % B1 R TETRACEO2 \r\n', 25),
(857, 'Lodoxamide Eye Drops, 0.1 % C R LODOXAID1 \r\n', 60),
(858, 'Sodium Cromoglycate Eye Drops, 4 % C NR SODCROID1 \r\n', 55),
(859, 'Atropine Sulphate Eye Drops, 0.5 % C NR ATROPIID1 \r\n', 55),
(860, 'Atropine Sulphate Eye Drops, 1 % C R ATROPIID2 \r\n', 20),
(861, 'Cyclopentolate Eye Drops, 0.5 % SD NR CYCLOPID1 \r\n', 40),
(862, 'Cyclopentolate Eye Drops, 1 % SD R CYCLOPID2 \r\n', 90),
(863, 'Cyclopentolate Eye Drops, 2 % SD NR CYCLOPID3 \r\n', 65),
(864, 'Phenylephrine Eye Drops, 10 % SD NR PHENYLID2 \r\n', 25),
(865, 'Phenylephrine Eye Drops, 2.5 % SD NR PHENYLID1 \r\n', 20),
(866, 'Corticosteroid + Antibiotic Eye Drops C R CORANTID1 \r\n', 5),
(867, 'Corticosteroid + Antibiotic Eye Ointment C R CORANTEO1 \r\n', 30),
(868, 'Dexamethasone Eye Drops, 1 % C R DEXAMEID1 \r\n', 90),
(869, 'Dexamethasone Eye Ointment, 1 % C R DEXAMEEO1 \r\n', 15),
(870, 'Hydrocortisone Eye Drops, 1 % C R HYDROCCR1 \r\n', 100),
(871, 'Hydrocortisone Eye Ointment, 1 % C R HYDROCEO1 \r\n', 45),
(872, 'Acetazolamide Injection, 500 mg C R ACETAZIN1 \r\n', 80),
(873, 'Acetazolamide Tablet, 250 mg C R ACETAZTA1 \r\n', 35),
(874, 'Bimatoprost Eye Drops, 300 micrograms/ml SD NR BIMATOID1 \r\n', 5),
(875, 'Latanoprost Eye Drops, 50 micrograms/ml SD NR LATANOID1 \r\n', 20),
(876, 'Pilocarpine Eye Drops, 2 % C R PILOCAID1 \r\n', 100),
(877, 'Pilocarpine Eye Drops, 4 % C R PILOCAID2 \r\n', 15),
(878, 'Timolol Maleate Eye Drops, 0.5 % C R TIMMALID1 \r\n', 40),
(879, 'Ergometrine Injection, 0.2 mg/ml B1/M R ERGOMEIN1 \r\n', 50),
(880, 'Ergometrine Injection, 0.5 mg/ml B1/M R ERGOMEIN2 \r\n', 45),
(881, 'Ergometrine Tablet, 0.2 mg A/M R ERGOTATA1 \r\n', 100),
(882, 'Ergometrine Tablet, 0.5 mg A/M R ERGOMETA1 \r\n', 20),
(883, 'Mifepristone Tablet, 600 microgram SD NR MIFEPRTA1 \r\n', 55),
(884, 'Misoprostol Tablet, 100 microgram PD NR MISOPRTA1 \r\n', 35),
(885, 'Misoprostol Tablet, 200 microgram PD NR MISOPRTA2 \r\n', 95),
(886, 'Misoprostol Tablet, 25 microgram A/PD NR MISOPRTA3 \r\n', 85),
(887, 'Misoprostol Tablet, 50 microgram A/PD NR MISOPRTA4 \r\n', 80),
(888, 'Misoprostol Vaginal Tablet, 200 microgram PD R MISOPRVP1 \r\n', 10),
(889, 'Oxytocin Injection, 5 units/ml B1/M R OXYTOCIN1 \r\n', 80),
(890, 'Oxytocin Injection, 10 units/ml R OXYTOCIN2 \r\n', 60),
(891, 'Salbutamol Sulphate Injection, 500 microgram/ml B2 R SALSULIN1 \r\n', 15),
(892, 'Salbutamol Tablet, 4 mg B1 R SALBUTTA2 \r\n', 25),
(893, 'Amitriptyline Tablet, 10 mg C R AMITRITA1 \r\n', 65),
(894, 'Amitriptyline Tablet, 25 mg C R AMITRITA2 \r\n', 40),
(895, 'Amitr iptyline Tablet, 50 mg C R AMITRITA3 \r\n', 40),
(896, 'Chlordiazepoxide Hydrochloride Tablet, 5 mg C R CHLORDTA1 \r\n', 100),
(897, 'Chlorpromazine Injection, 25 mg/ml B2 R CHLPROIN1 \r\n', 35),
(898, 'Chlorpromazine Tablet, 25 mg B2 R CHLPROTA1 \r\n', 5),
(899, 'Chlorpromazine Tablet, 50mg B2 R CHLPROTA2 \r\n', 30),
(900, 'Chlorpromazine Tablet, 100 mg B2 R CHLPROTA3 \r\n', 45),
(901, 'Diazepam Injection, 5 mg/ml B1/M R DIAZEPIN1 \r\n', 90),
(902, 'Diazepam Tablet, 5 mg M R DIAZEPTA1 \r\n', 50),
(903, 'Diazepam Tablet, 10 mg M R DIAZEPTA \r\n', 95),
(904, 'Fluox etine Capsule, 20 mg C R FLUOXECA1 \r\n', 80),
(905, 'Fluphenazine Deconoate Injection, 25 mg/ml SD R FLUDECIN1 \r\n', 25),
(906, 'Haloperidol Injection, 5 mg SD R HALOPEIN1 \r\n', 95),
(907, 'Haloperidol Tablet, 5 mg C R HALOPETA1 \r\n', 30),
(908, 'Haloperidol Tablet, 10 mg C R HALOPETA2 \r\n', 75),
(909, 'Imipramine Tablet, 25 mg C R IMIPRATA1 \r\n', 20),
(910, 'Lithium Carbonate Tablet, 200 mg (Slow-Release) SD R LITCARTA1 \r\n', 90),
(911, 'Lithium Carbonate Tablet, 500 mg (Slow-Release) SD R LITCARTA2 \r\n', 95),
(912, 'Lorazepam Tablet, 2 mg B2 R LORAZETA2 \r\n', 70),
(913, 'Methylphenidate Hydrochloride Tablet, 5 mg SD R METHYDTA1 \r\n', 30),
(914, 'Misoprostol Tablet, 100 microgram PD NR MISOPRTA1 \r\n', 60),
(915, 'Misoprostol Tablet, 200 microgram PD NR MISOPRTA2 \r\n', 90),
(916, 'Misoprostol Tablet, 25 microgram A/PD NR MISOPRTA3 \r\n', 55),
(917, 'Misoprostol Tablet, 50 microgram A/PD NR MISOPRTA4 \r\n', 75),
(918, 'Misoprostol Vaginal Tablet, 200 microgram PD R MISOPRVP1 \r\n', 5),
(919, 'Oxytocin Injection, 5 units/ml B1/M R OXYTOCIN1 \r\n', 30),
(920, 'Oxytocin Injection, 10 units/ml B1/M R OXYTOCIN2 \r\n', 90),
(921, 'Salbutamol Sulphate Injection, 500 microgram/ml B2 R SALSULIN1 \r\n', 10),
(922, 'Salbutamol Tablet, 4 mg B1 R SALBUTTA2 \r\n', 5),
(923, 'Amitriptyline Tablet, 10 mg C R AMITRITA1 \r\n', 25),
(924, 'Amitriptyline Tablet, 25 mg C R AMITRITA2 \r\n', 95),
(925, 'Amitr iptyline Tablet, 50 mg C R AMITRITA3 \r\n', 40),
(926, 'Chlordiazepoxide Hydrochloride Tablet, 5 mg C R CHLORDTA1 \r\n', 85),
(927, 'Chlorpromazine Injection, 25 mg/ml B2 R CHLPROIN1 \r\n', 40),
(928, 'Chlorpromazine Tablet, 25 mg B2 R CHLPROTA1 \r\n', 20),
(929, 'Chlorpromazine Tablet, 50mg B2 R CHLPROTA2 \r\n', 40),
(930, 'Chlorpromazine Tablet, 100 mg B2 R CHLPROTA3 \r\n', 70),
(931, 'Diazepam Injection, 5 mg/ml B1/M R DIAZEPIN1 \r\n', 45),
(932, 'Diazepam Tablet, 5 mg M R DIAZEPTA1 \r\n', 90),
(933, 'Diazepam Tablet, 10 mg M R DIAZEPTA \r\n', 40),
(934, 'Fluox etine Capsule, 20 mg C R FLUOXECA1 \r\n', 5),
(935, 'Fluphenazine Deconoate Injection, 25 mg/ml SD R FLUDECIN1 \r\n', 5),
(936, 'Haloperidol Injection, 5 mg SD R HALOPEIN1 \r\n', 25),
(937, 'Haloperidol Tablet, 5 mg C R HALOPETA1 \r\n', 15),
(938, 'Haloperidol Tablet, 10 mg C R HALOPETA2 \r\n', 100),
(939, 'Imipramine Tablet, 25 mg C R IMIPRATA1 \r\n', 25),
(940, 'Lithium Carbonate Tablet, 200 mg (Slow-Release) SD R LITCARTA1 \r\n', 10),
(941, 'Lithium Carbonate Tablet, 500 mg (Slow-Release) SD R LITCARTA2 \r\n', 25),
(942, 'Lorazepam Tablet, 2 mg R LORAZETA2 \r\n', 85),
(943, 'Methylphenidate Hydrochloride Tablet, 5 mg SD R METHYDTA1 \r\n', 20),
(944, 'Olanzapine Injection, 5 mg/ml SD R OLANZAIN1 \r\n', 85),
(945, 'Olanzapine Tablet, 5 mg SD R OLANZATA1 \r\n', 35),
(946, 'Olanzapine Tablet, 10 mg SD R OLANZATA2 \r\n', 65),
(947, 'Risperidone Liquid, 1 mg/ml SD R RISPERLI1 \r\n', 30),
(948, 'Risperidone Tablet, 1 mg SD R RISPERTA1 \r\n', 35),
(949, 'Risperidone Tablet, 2 mg SD R RISPERTA2 \r\n', 15),
(950, 'Risperidone Tablet, 500 microgram SD R RISPERTA1 \r\n', 35),
(951, 'Sertraline Tablet, SD R SERTRATA1 \r\n', 25),
(952, 'Sertraline Tablet, 50 mg 100 mg SD R SERTRATA2 \r\n', 40),
(953, 'Sodium Valproate Tablet, 200 mg D R SODVALTA1 \r\n', 40),
(954, 'Adrenaline (Epinephrine) Injection, 1 mg/ ml (1:1000) B1/M R ADRENAIN1 \r\n', 95),
(955, 'Aminophylline Injection, 250 mg/10 ml B2 R AMINOPIN1 \r\n', 85),
(956, 'Beclometasone dipropionate Inhaler, 100 microgram /metered dose (200 doses) B2 R BECDIPGA2 \r\n', 90),
(957, 'Budesonide + Formoterol (80 microgram/ 4.5 microgram) SD R BUDFORGA1 \r\n', 40),
(958, 'Budesonide + Formoterol (160 microgram/ 4.5 microgram) SD R BUDFORGA2 \r\n', 30),
(959, 'Budesonide 100 microgram SD R BUDESOGA1 \r\n', 15),
(960, 'Budesonide 200 microgram SD R BUDESOGA2 \r\n', 60),
(961, 'Fluticasone + Salmeterol (250 micrograms/ 50 microgram) SD R FLUSALGA1 \r\n', 55),
(962, 'Fluticasone 50 microgram SD R FLUTICGA1 \r\n', 30),
(963, 'Fluticasone 125 microgram SD R FLUTICGA2 \r\n', 35),
(964, 'Fluticasone 250 microgram SD R FLUTICGA3 \r\n', 50),
(965, 'Hydrocortisone Sodium Succinate Injection, 100 mg B1/M R HYSOSUIN1 \r\n', 100),
(966, 'Prednisolone Tablet, 5 mg B2 R PREDNITA1\r\n', 80),
(967, 'Salbutamol Inhaler, 100 microgram/metered dose Inhaler (200 doses ) B1 R SALBUTGA1 \r\n', 90),
(968, 'Salbutamol Nebulizer, 2.5 mg Nebules B1 R SALBUTGA2 \r\n', 55),
(969, 'Salbutamol Nebulizer, 5 mg Nebules B1 R SALBUTGA3 \r\n', 75),
(970, 'Salbutamol Syrup, 2 mg/ 5 ml B1 R SALBUTSY1 \r\n', 45),
(971, 'Salbutamol Tablet, 2 mg B1 R SALBUTTA1 \r\n', 55),
(972, 'Salbutamol Tablet, 4 mg B1 R SALBUTTA2 \r\n', 75),
(973, 'Olanzapine Injection, 5 mg/ml SD R OLANZAIN1 \r\n', 5),
(974, 'Olanzapine Tablet, 5 mg SD R OLANZATA1 \r\n', 65),
(975, 'Olanzapine Tablet, 10 mg SD R OLANZATA2 \r\n', 30),
(976, 'Risperidone Liquid, 1 mg/ml SD R RISPERLI1 \r\n', 70),
(977, 'Risperidone Tablet, 1 mg SD R RISPERTA1 \r\n', 5),
(978, 'Risperidone Tablet, 2 mg SD R RISPERTA2 \r\n', 45),
(979, 'Risperidone Tablet, 500 microgram SD R RISPERTA1 \r\n', 75),
(980, 'Sertraline Tablet, 50 mg SD R SERTRATA1 \r\n', 40),
(981, 'Sertraline Tablet, 100 mg SD R SERTRATA2 \r\n', 20),
(982, 'Sodium Valproate Tablet, 200 mg D R SODVALTA1 \r\n', 85),
(983, 'Adrenaline (Epinephrine) Injection, 1 mg/ ml (1:1000) B1/M R ADRENAIN1 \r\n', 10),
(984, 'Aminophylline Injection, 250 mg/10 ml B2 R AMINOPIN1 \r\n', 90),
(985, 'Beclometasone dipropionate Inhaler, 100 microgram /metered dose (200 doses) B2 R BECDIPGA2 \r\n', 55),
(986, 'Budesonide + Formoterol (80 microgram/ 4.5 microgram) SD R BUDFORGA1 \r\n', 15),
(987, 'Budesonide + Formoterol (160 microgram/ 4.5 microgram) SD R BUDFORGA2 \r\n', 35),
(988, 'Budesonide 100 microgram SD R BUDESOGA1 \r\n', 55),
(989, 'Budesonide 200 microgram SD R BUDESOGA2 \r\n', 10),
(990, 'Fluticasone + Salmeterol (250 micrograms/ 50 microgram) SD R FLUSALGA1 \r\n', 35),
(991, 'Fluticasone 50 microgram SD R FLUTICGA1 \r\n', 65),
(992, 'Fluticasone 125 microgram SD R FLUTICGA2 \r\n', 35),
(993, 'Fluticasone 250 microgram SD R FLUTICGA3 \r\n', 40),
(994, 'Hydrocortisone Sodium Succinate Injection, 100 mg B1/M R HYSOSUIN1 \r\n', 100),
(995, 'Prednisolone Tablet, 5 mg B2 R PREDNITA1\r\n', 20),
(996, 'Salbutamol Inhaler, 100 microgram/metered dose Inhaler (200 doses) B1 R SALBUTGA1\r\n', 45),
(997, 'Salbutamol Nebulizer, 2.5 mg Nebules B1 R SALBUTGA2 \r\n', 75),
(998, 'Salbutamol Nebulizer, 5 mg Nebules B1 R SALBUTGA3 \r\n', 100),
(999, 'Salbutamol Syrup, 2 mg/ 5 ml B1 R SALBUTSY1 \r\n', 75),
(1000, 'Salbutamol Tablet, 2 mg B1 R SALBUTTA1 \r\n', 85),
(1001, 'Salbutamol Tablet, 4 mg B1 R SALBUTTA2 \r\n', 85),
(1002, 'Theophylline Tablet, 200 mg (Slow-Release) C R THEOPHTA1 \r\n', 60),
(1003, 'Carbocisteine Capsule, 375 mg B1 R CARBOCCA1 \r\n', 10),
(1004, 'Carbocisteine Syrup Paediatric, 125 mg/ 5ml B1 R CARBOCSY1 \r\n', 85),
(1005, 'Carbocisteine Syrup, 250 mg/ 5ml B1 R CARBOCSY2 \r\n', 65),
(1006, 'Simple Linctus (Paediatric) BPC A/M R SIMLINSY1 \r\n', 55),
(1007, 'Simple Linctus BPC R SIMLINSY2 \r\n', 65),
(1008, 'Oral Rehydration Salts, Sachet R ORRESAPO1 \r\n', 85),
(1009, 'Potassium Chloride Tablet, 600 mg (Enteric-Coated) B2 R POTCHLTA1 \r\n', 30),
(1010, 'Cholera Replacement Fluid Injection, (5:4:1) B1 R CHREFLIN1 \r\n', 90),
(1011, 'Dextrose in Sodium Chloride Intravenous Infusion, 10 % in 0.18 % (250 ml ) C R DESOCHIN3 \r\n', 45),
(1012, 'Dextrose in Sodium Chloride Intravenous Infusion, 4.3% in 0.18% (250 ml) B1 R DESOCHIN1 \r\n', 5),
(1013, 'Dextrose in Sodium Chloride Intravenous Infusion, 5 % in 0.9% (500 ml ) B1/M R DESOCHIN2 \r\n', 45),
(1014, 'Dextrose Infusion, 10 % (250 ml) B2 R DEXTROIN3 \r\n', 40),
(1015, 'Dextrose Infusion, 10 % (500 ml ) B2 R DEXTROIN4 \r\n', 20),
(1016, 'Dextrose Infusion, 20 % (250 ml ) C R DEXTROIN5 \r\n', 55),
(1017, 'Dextrose Infusion, 5 % (250 ml ) B1/M R DEXTROIN1 \r\n', 55),
(1018, 'Dextrose Infusion, 5 % (500 ml ) B1/M R DEXTROIN2 \r\n', 100),
(1019, 'Dextrose Infusion, 50 % (50 ml ) B2 R DEXTROIN6 \r\n', 35),
(1020, 'Potassium Chloride Injection, 20 mEq/10 ml C R POTCHLIN1 \r\n', 90),
(1021, 'Ringers Lactate Intravenous Infusion, 500 ml B1/M R RINLACSO1\r\n', 100),
(1022, 'Theophylline Tablet, 200 mg (Slow-Release) C R THEOPHTA1 \r\n', 60),
(1023, 'Carbocisteine Capsule, 375 mg B1 R CARBOCCA1 \r\n', 85),
(1024, 'Carbocisteine Syrup Paediatric, 125 mg/ 5ml B1 R CARBOCSY1 \r\n', 75),
(1025, 'Carbocisteine Syrup, 250 mg/ 5ml B1 R CARBOCSY2 \r\n', 35),
(1026, 'Simple Linctus (Paediatric) BPC A/M R SIMLINSY1 \r\n', 20),
(1027, 'Simple Linctus BPC R SIMLINSY2 \r\n', 100),
(1028, 'Oral Rehydration Salts, Sachet A/M R ORRESAPO1 \r\n', 90),
(1029, 'Potassium Chloride Tablet, 600 mg (Enteric-Coated) B2 R POTCHLTA1 \r\n', 35),
(1030, 'Cholera Replacement Fluid Injection, (5:4:1) B1 R CHREFLIN1 \r\n', 60),
(1031, 'Dextrose in Sodium Chloride Intravenous Infusion, 10 % in 0.18 % (250 ml ) C R DESOCHIN3 \r\n', 20),
(1032, 'Dextrose in Sodium Chloride Intravenous Infusion, 4.3% in 0.18% (250 ml) B1 R DESOCHIN1 \r\n', 65),
(1033, 'Dextrose in Sodium Chloride Intravenous Infusion, 5 % in 0.9% (500 ml ) B1/M R DESOCHIN2 \r\n', 75),
(1034, 'Dextrose Infusion, 10 % (250 ml) B2 R DEXTROIN3 \r\n', 15),
(1035, 'Dextrose Infusion, 10 % (500 ml ) B2 R DEXTROIN4 \r\n', 40),
(1036, 'Dextrose Infusion, 20 % (250 ml ) C R DEXTROIN5 \r\n', 85),
(1037, 'Dextrose Infusion, 5 % (250 ml ) B1/M R DEXTROIN1 \r\n', 20),
(1038, 'Dextrose Infusion, 5 % (500 ml ) B1/M R DEXTROIN2 \r\n', 95),
(1039, 'Dextrose Infusion, 50 % (50 ml ) B2 R DEXTROIN6 \r\n', 60),
(1040, 'Potassium Chloride Injection, 20 mEq/10 ml C R POTCHLIN1 \r\n', 10),
(1041, 'Ringers Lactate Intravenous Infusion, 500 ml B1/M R RINLACSO1\r\n', 75),
(1042, 'Sodium Bicarbonate Injection, 8.4 % C R SODBICIN1 \r\n', 70),
(1043, 'Sodium Chloride + Potasium Chloride Injection, 0.9 % + 20 mMol(500 ml) SD NR SOCHPOIN1 \r\n', 85),
(1044, 'Sodium Chloride Injection, 0.45 % (250 ml) B2 R SODCHLIN1 \r\n', 10),
(1045, 'Sodium Chloride Injection, 0.9% (250 ml) B1 NR SODCHLIN2 \r\n', 30),
(1046, 'Sodium Chloride Injection, 0.9% (500 ml) B1 R SODCHLIN3 \r\n', 95),
(1047, 'Water for Injection A/M R WATFORIN1 \r\n', 80),
(1048, 'Calciferol Tablet, 10 000 units D R CALCIFTA1 \r\n', 30),
(1049, 'Calcium Gluconate Injection, 100 mg/ml C R CALGLUIN1 \r\n', 15),
(1050, 'Calcium + Vitamin D Tablet, (97 mg + 10 microgram) C R CALVITTA1 \r\n', 25),
(1051, 'Multivitamin Syrup A/M R MULTIVSY1 \r\n', 45),
(1052, 'Multivitamin Tablet A/M R MULTIVTA1 \r\n', 25),
(1053, 'Pyridoxine Tablet, 100 mg B2 R PYRIDOTA3 \r\n', 40),
(1054, 'Pyridoxine Tablet, 50 mg B2 R PYRIDOTA2 \r\n', 20),
(1055, 'Retinol Soft Capsule, 100 000 IU R RETSOFCA1 \r\n', 20),
(1056, 'Retinol Soft Capsule, 200 000 IU R RETSOFCA2 \r\n', 10),
(1057, 'Thiamine Injection, 100 mg C R THIAMIIN1 \r\n', 15),
(1058, 'Thiamine Tablet, 25 mg C R THIAMITA1 \r\n', 10),
(1059, 'Thiamine Tablet, 50 mg C R THIAMITA2 \r\n', 35),
(1060, 'Thiamine Tablet, 100 mg C R THIAMITA3 \r\n', 25),
(1061, 'Sodium Chloride Nasal Drops, 0.9 % R SODCHLND1 \r\n', 50),
(1062, 'Chlorhexidine Mouthwash, 0.2 % B2 R CHLORHMW1 \r\n', 90),
(1063, 'Lidocaine + Adrenaline Cartridge, (20 mg/ml + [1:80 000/1:100 000]) B2 R LIDADRIN1 \r\n', 80),
(1064, 'Miconazole Oral Gel, 24 mg/ml B2 R MICONAOG1 \r\n', 45),
(1065, 'Nystatin Ointment, 100 000 IU B2 R NYSTATOI1 \r\n', 100),
(1066, 'Abacavir Oral Solution, 20 mg/ml PD NR ABACAVSO1 \r\n', 25),
(1067, 'Abacavir Tablet, 300 mg PD NR ABACAVTA1 \r\n', 15),
(1068, 'Sodium Bicarbonate Injection, 8.4 % C R SODBICIN1 \r\n', 5),
(1069, 'Sodium Chloride + Potasium Chloride Injection, 0.9 % + 20 mMol(500 ml) SD NR SOCHPOIN1 \r\n', 30),
(1070, 'Sodium Chloride Injection, 0.45 % (250 ml) B2 R SODCHLIN1 \r\n', 45),
(1071, 'Sodium Chloride Injection, 0.9% (250 ml) B1 NR SODCHLIN2 \r\n', 35),
(1072, 'Sodium Chloride Injection, 0.9% (500 ml) B1 R SODCHLIN3 \r\n', 25),
(1073, 'Water for Injection A/M R WATFORIN1 \r\n', 80),
(1074, 'Calciferol Tablet, 10 000 units D R CALCIFTA1 \r\n', 75),
(1075, 'Calcium Gluconate Injection, 100 mg/ml C R CALGLUIN1 \r\n', 5),
(1076, 'Calcium + Vitamin D Tablet, (97 mg + 10 microgram) C R CALVITTA1 \r\n', 60),
(1077, 'Multivitamin Syrup A/M R MULTIVSY1 \r\n', 95),
(1078, 'Multivitamin Tablet A/M R MULTIVTA1 \r\n', 60),
(1079, 'Pyridoxine Tablet, 100 mg B2 R PYRIDOTA3 \r\n', 25),
(1080, 'Pyridoxine Tablet, 50 mg B2 R PYRIDOTA2 \r\n', 100),
(1081, 'Retinol Soft Capsule, 100 000 IU R RETSOFCA1 \r\n', 45),
(1082, 'Retinol Soft Capsule, 200 000 IU R RETSOFCA2 \r\n', 100),
(1083, 'Thiamine Injection, 100 mg C R THIAMIIN1 \r\n', 85),
(1084, 'Thiamine Tablet, 25 mg C R THIAMITA1 \r\n', 95),
(1085, 'Thiamine Tablet, 50 mg C R THIAMITA2 \r\n', 25),
(1086, 'Thiamine Tablet, 100 mg C R THIAMITA3 \r\n', 40),
(1087, 'Sodium Chloride Nasal Drops, 0.9 % R SODCHLND1 \r\n', 10),
(1088, 'Chlorhexidine Mouthwash, 0.2 % B2 R CHLORHMW1 \r\n', 5),
(1089, 'Lidocaine + Adrenaline Cartridge, (20 mg/ml + [1:80 000/1:100 000]) B2 R LIDADRIN1 \r\n', 65),
(1090, 'Miconazole Oral Gel, 24 mg/ml B2 R MICONAOG1 \r\n', 55),
(1091, 'Nystatin Ointment, 100 000 IU B2 R NYSTATOI1 \r\n', 45),
(1092, 'Abacavir Oral Solution, 20 mg/ml PD NR ABACAVSO1 \r\n', 75),
(1093, 'Abacavir Tablet, 300 mg PD NR ABACAVTA1 \r\n', 95),
(1094, 'Didanosine Capsule, 200 mg PD NR DIDANOCA1 \r\n', 80),
(1095, 'Didanosine Oral solution, 10 mg/ml PD NR DIDANOSO1 \r\n', 40),
(1096, 'Didanosine Tablet, 100 mg PD NR DIDANOTA3 \r\n', 90),
(1097, 'Didanosine Tablet, 150 mg PD NR DIDANOTA4 \r\n', 15),
(1098, 'Didanosine Tablet, 25 mg PD NR DIDANOTA1 \r\n', 10),
(1099, 'Didanosine Tablet, 50 mg PD NR DIDANOTA2 \r\n', 25),
(1100, 'Efavirenz Capsule, 100 mg PD NR EFAVIRCA2 \r\n', 60),
(1101, 'Efavirenz Capsule, 200 mg PD NR EFAVIRCA3 \r\n', 35),
(1102, 'Efavirenz Capsule, 50 mg PD NR EFAVIRCA1 \r\n', 60),
(1103, 'Efavirenz Syrup, 30 mg/ml PD NR EFAVIRSY1 \r\n', 15),
(1104, 'Efavirenz Tablet, 600 mg PD NR EFAVIRTA1 \r\n', 45),
(1105, 'Emtricitabine Tablets, 200 mg PD NR EMTRICTA1 \r\n', 100),
(1106, 'Indinavir Tablet, 400 mg PD NR INDINATA1 \r\n', 100),
(1107, 'Lamivudine Oral solution, 10 mg/ml PD NR LAMIVUSO1 \r\n', 10),
(1108, 'Lamivudine Tablet, 150 mg PD NR LAMIVUTA1 \r\n', 30),
(1109, 'Liponavir + Ritonavir Capsule, (133.3 mg + 33.3 mg) PD NR LIPRITCA1 \r\n', 85),
(1110, 'Liponavir + Ritonavir Oral solution, (80 mg + 20 mg/ml) PD NR LIPRITSO1 \r\n', 75),
(1111, 'Nelfinavir Tablet, 250 mg PD NR NELFINTA1 \r\n', 40),
(1112, 'Nevirapine Suspension, 10 mg/ml PD NR NEVIRASU1 \r\n', 10),
(1113, 'Nevirapine Tablet, 200 mg PD NR NEVIRATA1 \r\n', 55),
(1114, 'Ritonavir Capsule, 100 mg PD NR RITONACA1 \r\n', 65),
(1115, 'Saquinavir Capsule, 200 mg PD NR SAQUINCA1 \r\n', 15),
(1116, 'Stavudine Capsule, 15 mg PD NR STAVUDCA1 \r\n', 5),
(1117, 'Stavudine Capsule, 20 mg PD NR STAVUDCA2 \r\n', 80),
(1118, 'Stavudine Capsule, 30 mg PD NR STAVUDCA3 \r\n', 75),
(1119, 'Stavudine Capsule, 40 mg PD NR STAVUDCA4 \r\n', 5),
(1120, 'Stavudine Oral Solution, 1 mg/ml PD NR STAVUDSO1 \r\n', 60),
(1121, 'Tenofovir Tablet, 300 mg PD NR TENOFOTA1 \r\n', 45),
(1122, 'Zidovudine + Lamivudine Tablet, (300 mg + 150 mg) PD NR ZIDLAMTA1 \r\n', 5),
(1123, 'Zidovudine Capsule, 100 mg PD NR ZIDOVUCA1 \r\n', 95),
(1124, 'Zidovudine Syrup, 10 mg/ml PD NR ZIDOVUSY1 \r\n', 75),
(1125, 'Zidovudine Tablet, 300 mg PD NR ZIDOVUTA1 \r\n', 90),
(1126, 'Finasteride Tablet, 5 mg SD R FINASTTA1 \r\n', 10),
(1127, 'Tamsulosin Capsule, 400 microgram SD R TAMSULCA1 \r\n', 95),
(1128, 'Terazosin Tablet, 2 mg SD R TERAZOTA1 \r\n', 85),
(1129, 'Terazosin Tablet, 5 mg SD R TERAZOTA2 \r\n', 25),
(1130, 'Aciclovir Denk 200mg', 50),
(1131, 'A1  Paracetamol (Germany)', 60),
(1132, 'Acumal Syrup', 35),
(1133, 'Acumal-200', 40),
(1134, 'Acyclovir Tabs', 85),
(1135, 'Acyclovir Cream', 20),
(1136, 'Addyzoa', 40),
(1137, 'Advantan Crème', 80),
(1138, 'Ampicilline Injection', 45),
(1139, 'Amino Pep', 100),
(1140, 'Analgin Injection 5mls', 5),
(1141, 'Anacol Syrup', 15),
(1142, 'Aritrine', 90),
(1143, 'Arsuamoon', 20),
(1144, 'Artenex 200mg', 90),
(1145, 'Artenex 50mg', 85),
(1146, 'Artenesunate inj', 10),
(1147, 'Alaxine Tabs', 75),
(1148, 'Alaxine 20mg Supp', 85),
(1149, 'Alaxine 40mg Supp', 75),
(1150, 'Alaxine 18g Susp', 70),
(1151, 'Aldomet', 80),
(1152, 'Alesof-10', 55),
(1153, 'Alaxine 80mg Supp', 95),
(1154, 'Allopurinol 300mg', 50),
(1155, 'Amino Pep', 55),
(1156, 'Amodiaquine 200mg', 25),
(1157, 'Amoxiciline 500mg', 100),
(1158, 'Amlodac 10', 5),
(1159, 'Anticid plus', 65),
(1160, 'Anticid Plus Suspension', 20),
(1161, 'Antiver Suspension', 85),
(1162, 'Anti D-Injection', 30),
(1163, 'Anytime Sanitary Pad', 30),
(1164, 'Argentum Nitricum Stick', 5),
(1165, 'Aspirin Soluble 75mg', 100),
(1166, 'Asthalex Syrup', 35),
(1167, 'Atecor 100', 85),
(1168, 'Atenol Denk 50mg', 85),
(1169, 'Atropin inj.', 25),
(1170, 'Augmentin Tab 625mg', 75),
(1171, 'Augmentin Syrup', 95),
(1172, 'Axacef', 40),
(1173, 'Aziwok Suspension', 50),
(1174, 'Aziwok', 95),
(1175, 'Blue', 90),
(1176, 'Bad Heilbrunner Abführtee', 45),
(1177, 'Baby Cough Syrup', 65),
(1178, 'B-Co Tabs', 85),
(1179, 'Bed Pad', 25),
(1180, 'Bendrofluazide', 50),
(1181, 'Betasone Cream', 80),
(1182, 'Bifilac Caps', 85),
(1183, 'Bifilac Satchet', 25),
(1184, 'Bisacordyl Suppositories', 90),
(1185, 'Bioferon Caps', 30),
(1186, 'Bioferon syrup', 5),
(1187, 'Biospot Chlorine Tables', 30),
(1188, 'Brozedex', 90),
(1189, 'Buscolex Tabs', 60),
(1190, 'Buscomed Tabs', 25),
(1191, 'Buscapan Injection', 100),
(1192, 'Calflavone', 40),
(1193, 'Calcuim-C Sandos 500mg', 65),
(1194, 'Calcuim-C Sandos 1000mg', 20),
(1195, 'Candid Cream', 5),
(1196, 'Candid-V Gel', 55),
(1197, 'Candid-V6 Vaginal Tab', 75),
(1198, 'Canditral Caps', 15),
(1199, 'Canesten Cream', 55),
(1200, 'Canesten Ovules', 55),
(1201, 'Castor Oil', 20),
(1202, 'Cannula I.V 20G Pink', 80),
(1203, 'Ceptapol (Paracetamol Susp)', 80),
(1204, 'Cerazette', 40),
(1205, 'Clamycef 150mg', 100),
(1206, 'Chloroquine Tab', 95),
(1207, 'Chlorhexadine Gauze Dressing', 90),
(1208, 'Chlorpheniramine Syrup', 35),
(1209, 'Chlorpheniramine Tab (blis)', 90),
(1210, 'Chlorpheniramine Tab (counting)', 40),
(1211, 'Choriomon 5000i.u.(Profasi)', 50),
(1212, 'Ciprofloxacine 500mg', 45),
(1213, 'Ciprolex Eye/Ear Drop', 55),
(1214, 'Ciprodenk', 100),
(1215, 'Ciprobay', 40),
(1216, 'ClanoxyTab 625mg', 65),
(1217, 'Clexane 20mg Inj.', 60),
(1218, 'Clermycine', 50),
(1219, 'Clearvitarx', 20),
(1220, 'Clomid 50mg Tab', 85),
(1221, 'Clotri Denk Cream', 90),
(1222, 'Clotri Denk Vag. Tab 100mg', 30),
(1223, 'Clotrikin Cream', 5),
(1224, 'Coartem 20/120', 85),
(1225, 'Coasucam100mg/270mg', 95),
(1226, 'Coasucam100mg/270mg', 50),
(1227, 'Confido', 60),
(1228, 'Cordvadil 10mg', 40),
(1229, 'Cordipin (Nifedipine) 10mg', 85),
(1230, '"Combat-N cream,"', 25),
(1231, 'Conbantrin', 5),
(1232, 'Concavit Caps', 15),
(1233, 'Co-Trimoxazole PR 400/80 mg', 60),
(1234, 'Crestor Tabs 10mg', 30),
(1235, 'Crinone 8%', 65),
(1236, 'Cream Gogynax', 40),
(1237, 'Cyklokapron 500mg', 15),
(1238, 'Cyklokapron 500mg', 25),
(1239, 'Cytotec (Misoprestrol)', 55),
(1240, 'Cyclogest 400mg  Vag Tabs', 40),
(1241, 'Dalacin C', 75),
(1242, 'Day Nurse', 25),
(1243, 'Day Quil', 80),
(1244, 'Depo Provera Inj', 45),
(1245, 'Dermofix Cream 20g', 70),
(1246, 'Dermofix Vaginal Tabs', 70),
(1247, 'Denk Sweet', 50),
(1248, 'Diane', 20),
(1249, 'Dexamethasone Inj', 15),
(1250, 'Diazepam 5mg', 5),
(1251, 'Diazepam 10mg', 50),
(1252, 'Diazepam inj.', 55),
(1253, 'Dextrose 10% Drip', 55),
(1254, 'Dextrose 5% Drip', 35),
(1255, 'Diflucan 150mg', 30),
(1256, 'Drip DNS', 95),
(1257, 'Drip NS', 100),
(1258, 'Drip Ringer Lactate', 35),
(1259, 'Drip Haes-steril', 90),
(1260, 'Diclo Denk Inj.', 40),
(1261, 'Diclofenac Sandoz', 75),
(1262, 'Diclo Denk Suppository', 25),
(1263, 'Diclo Denk 50mg Tab', 100),
(1264, 'Diclo HEXAL', 30),
(1265, 'Diclolex Power Heat Gel', 35),
(1266, 'Diclolex tabs 50mg', 40),
(1267, 'Diclomol SR', 75),
(1268, 'Diclodenk Suppository', 20),
(1269, 'D - SPA', 30),
(1270, 'Doxycycline Caps 100mg', 70),
(1271, 'Doxikin 100mg.', 45),
(1272, 'DoxiHEXAL/ 1 A 200', 20),
(1273, 'Dumocalcium', 5),
(1274, 'Duphaston 10mg', 75),
(1275, 'Enaphage 500mg', 80),
(1276, 'Enamycin 250mg', 55),
(1277, 'Enoquine Syrup', 75),
(1278, 'Equat. Body Guard (Adult)', 40),
(1279, 'Equat. Body Guard (Kids)', 15),
(1280, 'Equat. Mosquito Blaster', 15),
(1281, 'Equat. Mosq Blaster (Refill)', 95),
(1282, 'Ergometrin inj.', 75),
(1283, 'Ergometrin Tab', 30),
(1284, 'Erotab 250', 15),
(1285, 'Espumisan', 90),
(1286, 'Evecare', 85),
(1287, 'Fasigyn 500mg Tab', 55),
(1288, 'Farcosolvin', 45),
(1289, 'Fegem 100mg Tabs', 40),
(1290, 'Female Condom', 95),
(1291, 'Femoston Conti 1/5mg', 45),
(1292, 'Ferofort Syrup', 60),
(1293, 'Ferofort Caps', 100),
(1294, 'Ferro Force', 30),
(1295, 'Ferrolex Caps', 35),
(1296, 'Ferrolex Syrup', 90),
(1297, 'Ferrosanol duodenal', 95),
(1298, 'Ferrosanol duodenal', 70),
(1299, 'Ferrosantrane Syrup', 55),
(1300, 'Ferrous Sulphate', 5),
(1301, 'Fevorit Tabs(Chewable)', 50),
(1302, 'Fevorit Syrup', 85),
(1303, 'Foliron', 65),
(1304, 'Foley Catheter', 30),
(1305, 'Fostimon 75 i.u. (FSH)', 80),
(1306, 'Fleet enema', 10),
(1307, 'Flemming  Susp228.5mg', 70),
(1308, 'Flemming 625mg', 90),
(1309, 'Fluxakin 125mg/ 5ml Susp', 65),
(1310, 'Folic Acid (England Blisters)', 65),
(1311, 'Folic Acid (Blisters)', 10),
(1312, 'Folic Acid (Counting)', 45),
(1313, 'Fragmid P. Fort Inj', 90),
(1314, 'Funbact-A Triple Action', 10),
(1315, 'Gebedol Tab', 30),
(1316, 'Gebedol forte Tab', 85),
(1317, 'Gentamycine Injection', 75),
(1318, 'Gentalex Eye Drop', 75),
(1319, 'Germidine Cream', 60),
(1320, 'Germidine Vaginal Tabs', 65),
(1321, 'Giving Set Plain', 15),
(1322, 'Giving Set Plain', 10),
(1323, 'Gyno-Travogen Ovule', 80),
(1324, 'Gyno-Travogen cream', 55),
(1325, 'Gogynax Vaginal Tabs', 60),
(1326, 'Gogynax Vaginal Cream', 100),
(1327, 'Gvither Oral Suspension', 75),
(1328, 'Gvither 80mg Injection', 60),
(1329, 'GvFluc 150mg', 10),
(1330, 'GvFluc 50mg', 20),
(1331, 'GvFluc 200mg', 55),
(1332, 'GvFluc Suspension', 10),
(1333, '"GlibenHEXAL 3,5mg"', 70),
(1334, 'Gloves (Disposable)', 40),
(1335, 'Gloves (Surgical)', 95),
(1336, 'Glycerol Suppositories', 60),
(1337, 'Hapenz', 75),
(1338, 'Haematovite Syrup', 50),
(1339, 'Haestril 6% (I.V.)', 75),
(1340, 'Hb Plus', 30),
(1341, 'Hirudoid Cream', 5),
(1342, 'Histacet Tab', 30),
(1343, 'Horamine Syrup', 75),
(1344, 'HCG 25000i.u. Inj.', 40),
(1345, 'Hydrogen Peroxide', 10),
(1346, 'Hydralasin 25mg', 80),
(1347, 'Hyoscine ButylbromideInj.', 40),
(1348, 'I U C D (copper T)', 70),
(1349, 'IBUCAP', 50),
(1350, 'Ibuprofen 200mg', 10),
(1351, 'Ibuprofen 400mg', 15),
(1352, 'Injection Tray', 50),
(1353, 'Imazole Vag Pess', 40),
(1354, 'Imferon  Iron Dextrand Inj', 5),
(1355, 'Immodium Caps', 35),
(1356, 'Imunex Tab', 50),
(1357, 'Imunex Syrup 60ml', 100),
(1358, 'Kamatone', 85),
(1359, 'Kandistat Pessary', 75),
(1360, 'Kandistat Vag. Cream', 20),
(1361, 'Kandistop-150', 60),
(1362, 'Kefstar Tabs', 30),
(1363, 'Kefstar Suspension', 65),
(1364, 'Kefstar 750mg Inj.', 80),
(1365, 'Ketamine Injection', 10),
(1366, 'Ketamine Injection', 5),
(1367, 'Kinapril-10', 50),
(1368, 'Kinaclox (Cloxacillin) 250mg', 65),
(1369, 'Klister Enema', 95),
(1370, 'Kinamox 500', 100),
(1371, 'Kinamyein 300mg', 5),
(1372, 'Ky-Jelly', 20),
(1373, 'Lariam', 30),
(1374, 'Lamar Cream (20mg)', 75),
(1375, 'Lactacyd', 100),
(1376, 'Lamisil Tab 250mg', 90),
(1377, 'Lactodel', 60),
(1378, 'Lidocaine inj 5ml', 40),
(1379, 'Lidocaine Gel', 65),
(1380, 'Lidocaine Spray', 45),
(1381, 'Lipitor 10mg', 20),
(1382, 'Lipitor 20mg', 50),
(1383, 'Little Adult Cough Syrup', 75),
(1384, 'Little Baby Cough Syrup', 75),
(1385, 'Little Infant Cough syr. 25ml', 85),
(1386, 'Livertone Junior', 10),
(1387, 'Locid-20', 90),
(1388, 'Lodipin-5', 60),
(1389, 'Lofnac-100 Suppository', 35),
(1390, 'Lofnac-50 Suppository', 35),
(1391, 'Lonart Syrup', 40),
(1392, 'Lonart Tabs', 65),
(1393, 'Lonart Forte Tabs', 95),
(1394, 'Lonart Suppository 120mg', 100),
(1395, 'Loperamide Denk 2', 75),
(1396, 'Lucon', 10),
(1397, 'Loquin Syrup', 30),
(1398, 'Malareich 500/25mg', 20),
(1399, 'Malaron', 15),
(1400, 'Maladar', 80),
(1401, 'Malafin', 85),
(1402, 'Magnisium Sulphate 100ml', 90),
(1403, 'Magnisium Diasporal 300mgMagnesium Citrate', 85),
(1404, 'Magnisium Diasporal 100mgMagnesium Citrate', 55),
(1405, 'Magnisiocard', 40),
(1406, 'Mg5 longoral', 95),
(1407, 'Maxital Suspension', 70),
(1408, 'Maxital Mouth Dissolving', 20),
(1409, 'Maxital Gel 20mg', 40),
(1410, 'Male Condom', 10),
(1411, 'Malucid Gel', 10),
(1412, 'Malaria Kits', 95),
(1413, 'Medivite Gold', 20),
(1414, 'Medivite Omega', 30),
(1415, 'Medivite drops 25ml', 90),
(1416, 'Mebendazole 500mg', 50),
(1417, 'Merional 75 iu Inj.', 100),
(1418, 'Meltus cough syrup', 75),
(1419, 'Menthodex Cough Mixture', 25),
(1420, 'Menthodex Cough Mixture', 65),
(1421, 'Menthodex Lozenges', 45),
(1422, 'Meronal Suspension', 35),
(1423, 'Metformin Denk', 70),
(1424, 'Metoclopramide Tabs', 5),
(1425, 'Metoclopramide Injection', 85),
(1426, 'Metoclopramide Syrup', 35),
(1427, 'Metronidazole 200mg Tab', 55),
(1428, 'Metronidazole 250mg. Egypt', 20),
(1429, 'Metronidazole Susp. Egypt', 10),
(1430, 'Metronidazol IV', 95),
(1431, 'Menovital', 65),
(1432, 'Mictonorm', 70),
(1433, 'Microgynon', 50),
(1434, 'Millton Steralizing Liquid', 10),
(1435, 'Milton Sterilising Tabs', 60),
(1436, 'Minadex Tonic 200ml', 100),
(1437, 'Minadex Tonic 400ml', 15),
(1438, 'Mumfer drops', 75),
(1439, 'Muc-Sabona Syr.', 75),
(1440, 'Myclav 625', 15),
(1441, 'Myopril 5mg', 30),
(1442, 'Myospaz', 50),
(1443, 'Mycopirox', 30),
(1444, 'Multivite (Ernerst)', 75),
(1445, 'Multi - Gyn Actigel', 50),
(1446, 'Multi - Mam Balsam', 80),
(1447, 'Multi - Mam Kompressen', 80),
(1448, 'Multi - Mam Kompressen', 45),
(1449, 'Nadoxin Cream', 5),
(1450, 'Neo-Hycolex Drops', 75),
(1451, 'Neo-Penotran', 35),
(1452, 'Neomoxine - P', 90),
(1453, 'Nexium 20mg', 70),
(1454, 'Nifedipine 10mg Caps.', 40),
(1455, 'Night Nurse', 80),
(1456, 'Nifedipine 10mg Tabs', 95),
(1457, 'Nugel Tabs', 75),
(1458, 'Nugel Suspension', 30),
(1459, 'Norplant', 15),
(1460, 'Non Aspirin', 95),
(1461, 'Non Aspirin', 75),
(1462, 'NyQuil', 100),
(1463, 'Omezole 20', 60),
(1464, 'Omega H3 Cap', 100),
(1465, 'Omizac', 5),
(1466, 'Orfix 200mg caps', 95),
(1467, 'Ortho-Gynest', 60),
(1468, 'Orofer Syrup', 90),
(1469, 'Orofer tablet', 15),
(1470, 'O R S Hydrolyte', 55),
(1471, 'Osteocare', 55),
(1472, 'Osteovite', 5),
(1473, 'Ovulation Test Kit', 90),
(1474, 'Ovulation Test (LH) Strip', 40),
(1475, 'Oxytocin Inj.', 60),
(1476, 'Palidar Tab', 30),
(1477, 'Paracetamol  Syrup  100ml', 35),
(1478, 'Parace  120mg/5mlSyrup', 45),
(1479, 'Paracetamol (counting)', 70),
(1480, 'Paracetamol Blister', 45),
(1481, 'Paracetamol 250mg Supo', 90),
(1482, 'Paracetamol 500mg Supo', 10),
(1483, 'Paracetamol inj', 70),
(1484, 'Parlodel Tab 2.5mg', 10),
(1485, 'PC-30 Skin Lotion', 55),
(1486, 'Penamox Syrup', 15),
(1487, 'Permoxyl Caps', 10),
(1488, 'Phenergan Inj.', 10),
(1489, 'Pethidine Injection', 25),
(1490, 'Plasmotrim Lactab 200mg', 45),
(1491, 'Potassium Permanganate', 5),
(1492, 'Pikovit Syrup', 70),
(1493, 'Pilex Ointment', 100),
(1494, '"Plaster 1"" Zinc Oxide"', 55),
(1495, 'Plaster Stripes', 90),
(1496, 'Pre-Par Injection', 20),
(1497, 'Pre-Par 10mg Tabs', 25),
(1498, 'Pregnazone Tabs', 45),
(1499, 'Pregnacare caps', 95),
(1500, 'Pregnacare Cream', 45),
(1501, 'Pregnacare + Omega3', 25),
(1502, 'Prenatal Multi', 70),
(1503, 'Pregn Early Detect (ACON)', 5),
(1504, 'Primogyn Depot 10mg', 35),
(1505, 'Primolut Depot 250mg', 95),
(1506, 'Primolut N 5mg tab', 5),
(1507, 'Progynova 2mg', 10),
(1508, 'Promethazine Tab 25mg', 15),
(1509, 'Promethalex', 5),
(1510, 'Promethazine Inj. 25mg', 100),
(1511, 'Pulmo-Cordio mite SL', 40),
(1512, 'Quinine Inj.  600mg', 50),
(1513, 'Quinine Tab 300mg', 85),
(1514, 'Ranitic 150mg', 20),
(1515, 'Ranitic 300mg', 45),
(1516, 'Ratioxon Inject.', 10),
(1517, 'Recer Gel Suspension', 95),
(1518, 'Rifun 40mg', 60),
(1519, 'Ringer Lactate Infusion', 65),
(1520, 'Rizole Suspension 5ml', 40),
(1521, 'Rocephin inj 1g', 15),
(1522, 'Rubriment Essenz', 80),
(1523, 'Sab Simplex Suspension', 95),
(1524, 'Salbutamol Tabs 4mg', 50),
(1525, 'Stamlo Beta', 50),
(1526, 'Scheriproct Cream', 85),
(1527, 'Scheriproct Suppository', 40),
(1528, 'Secure Tabs (3 months)', 75),
(1529, 'Septex (Cotrim Susp)', 45),
(1530, 'Septazole Suspension', 100),
(1531, 'Shalcip 500', 35),
(1532, 'Seven Seas Cod Liver Oil', 10),
(1533, 'Seven Seas COL (Plain)', 80),
(1534, 'Seven Seas CLO (Cherry)', 25),
(1535, 'Simplotan Duo Pakage', 50),
(1536, 'Simplotan Tab', 65),
(1537, 'Speman Tabs', 70),
(1538, 'Spizef 250mg', 80),
(1539, 'Spizef Inj 750mg (IM/IV)', 50),
(1540, 'Silverzine Cream', 50),
(1541, 'Supirocin Cream', 70),
(1542, 'Sulpivert', 75),
(1543, 'Sutures Nylon', 5),
(1544, 'Sutures Plain Cut 1', 20),
(1545, 'Sutures Chromic', 80),
(1546, 'Sutures Vicryl 3-0', 85),
(1547, 'Syclox(cloxa) Caps 250mg', 40),
(1548, 'Syringes & Needles 2ml', 45),
(1549, 'Syringes & Needles 5ml', 10),
(1550, 'Syringes & Needles 10ml', 50),
(1551, 'Tacizol tablet', 85),
(1552, 'Tavanic 500mg', 15),
(1553, 'Tacholiquin Inhaler', 80),
(1554, 'Tannodact Bath', 35),
(1555, 'Tamopharm 20mg', 75),
(1556, 'Tagera Forte', 90),
(1557, 'Tiger Plaster', 40),
(1558, 'Tensi Plus', 50),
(1559, 'Tensiplus M', 85),
(1560, 'Topcef 200mg', 25),
(1561, 'Travogyn Cream', 10),
(1562, 'Travogyn tab', 5),
(1563, 'Tranexamic Acid', 70),
(1564, 'Tylenol PM', 85),
(1565, 'Tylenol PM', 65),
(1566, 'Tylenol extra strength', 80),
(1567, 'Tylenol extra strength', 65),
(1568, 'Urgedol (Tamadol) Injection', 50),
(1569, 'Urine Bag', 15),
(1570, 'Urgedol (Tamadol) Capsule', 100),
(1571, 'Vaginax Cream', 70),
(1572, 'Vaginax Tab', 60),
(1573, 'Valgisup', 30),
(1574, 'Ventolin Inhaler', 10),
(1575, 'Vegibon vag. Wash', 25),
(1576, 'Vermox', 35),
(1577, 'Vicryl Sutures', 60),
(1578, 'Viscof-D Dry Cough', 30),
(1579, 'Viscof-S  Cough syr.', 55),
(1580, 'Visine Eye Drops (Yellow)', 95),
(1581, 'Visine Eye Drops (Blue)', 45),
(1582, 'Vitamin K1 Inj.', 10),
(1583, 'Vitamin-B Denk', 65),
(1584, 'Vitamin - E', 45),
(1585, 'Vitamin - C (Valupack)', 70),
(1586, 'Vit B-Complex Counting', 10),
(1587, 'VitaLong-100 Caps', 60),
(1588, 'Vomitin - 30', 90),
(1589, 'V-2 Plus', 50),
(1590, 'Xamic Injection', 70),
(1591, 'Wokadine Vag Tab', 75),
(1592, 'Wokadine Creame', 30),
(1593, 'Yasmin tablets', 100),
(1594, 'Zeben susp', 50),
(1595, 'Zedex  sry.', 30),
(1596, 'Zincofer Nuture Tabs', 60),
(1597, 'Zincofer Liquid (Syrup 200ml)', 50),
(1598, 'Zincovit Drops Syrup 15ml', 30),
(1599, 'Zincovit Syrup 200ml', 55),
(1600, 'Zincovite Tabs', 80),
(1601, 'Zink Vit', 25),
(1602, 'Zinnat Tabs', 35),
(1603, 'Zithromax Suspension', 85),
(1604, 'Zithromax Tab / Caps', 60),
(1608, 'Advantan Cream', 75),
(1609, 'Calamine Lotion', 55),
(1610, 'Candid V6 Vag. Pess.    Candid V6 Vag. Pess.	  ', 5),
(1611, 'Candiderm Cream', 55),
(1612, 'Cap Amoxycillin', 40),
(1613, 'Cap Artemos', 25),
(1614, 'Cap Artemos Plus', 90),
(1615, 'Cap Bioe', 65),
(1616, 'Cap Bioferon', 15),
(1617, 'Cap Celebrex 200mg', 100),
(1618, 'Cap Ciprinol 500mg', 45),
(1619, 'Cap Clamacef 150mg', 80),
(1620, 'Cap Diflucan 150mg', 55),
(1621, 'Cap Doxycycline 100mg', 10),
(1622, 'Cap Feroglobin', 65),
(1623, 'Cap Ferozin', 55),
(1624, 'Cap Flucloxacillin 250mg', 80),
(1625, 'Cap Immodium 2mg', 60),
(1626, 'Cap Lyrica 75mg', 30),
(1627, 'Cap Motilium 10mg', 10),
(1628, 'Cap Naklofen duo 75mg', 70),
(1629, 'Cap Norvasc 10mg', 85),
(1630, 'Cap Nucleo CMP', 5),
(1631, 'Cap Omega H3', 85),
(1632, 'Cap Omeprazole 20mg', 65),
(1633, 'Cap Ponstan 250mg', 20),
(1634, 'Cap Pregnacare', 80),
(1635, 'Cap Sporanox', 30),
(1636, 'Cap Tarmadol 50mg', 90),
(1637, 'Caps Vitamine E 400IU', 60),
(1638, 'Cap Wellwoman', 90),
(1639, 'Cap Zincovit', 10),
(1640, 'Cap Zithromax 250mg', 95),
(1641, 'Chloramphenicol Eye/Ear', 60),
(1642, 'Ciprolex Ear Drops', 45),
(1643, 'Complan', 60),
(1644, 'Cyclogest Vag. Pess. 400mg', 55),
(1645, 'Daktarin Cream', 20),
(1646, 'Daktacort Cream', 50),
(1647, 'Decatylen Lozenges', 35),
(1648, 'Deep Heat gel', 100),
(1649, 'Deep Heat Spray', 15),
(1650, 'Dermofix Cream', 75),
(1651, 'Ephedrine nasal Drops', 45),
(1652, 'Forever Multi Maca', 60),
(1653, 'Funbact A', 50),
(1654, 'Gentamycin Eye', 60),
(1655, 'Gyno-Daktarin Cream', 20),
(1656, 'Gyno-Daktarin Ovules', 50),
(1657, 'Im Adrenaline', 5),
(1658, 'Im Amoksiclav 1g', 95),
(1659, 'Im Amoksiclav 600mg', 100),
(1660, 'Im Atropine', 30),
(1661, 'Im Buscopan 10mg', 85),
(1662, 'Im Ceftriaxone 1g', 65),
(1663, 'Im Cefuroxime 750mg', 60),
(1664, 'Im Choriomon 5000iu', 90),
(1665, 'Im Clexane 40mg', 10),
(1666, 'Im Clindamycin 300mg', 35),
(1667, 'Im Depo-Provera', 15),
(1668, 'Im Dexamethazone', 80),
(1669, 'Im Diazepam 10mg', 60),
(1670, 'Im Diclofenac 75mg', 55),
(1671, 'Im Dopamine 200mg/5ml', 15),
(1672, 'Im Dormicum 5mg', 70),
(1673, 'Im Enoskaparin(Clexane)', 10),
(1674, 'Im Ephedrine', 60),
(1675, 'Im Ergometrine', 5),
(1676, 'Im Flucloxacillin 500mg', 40),
(1677, 'Im Furosemide 40mg', 30),
(1678, 'Im Fustimon 75iu', 85),
(1679, 'Im Gentamycin 80mg', 55),
(1680, 'Im Gvither 80mg', 60),
(1681, 'Im Heavy  Marcain 0.5', 100),
(1682, 'Im Ketamine', 100),
(1683, 'Im Lidocaine', 80),
(1684, 'Im Lidocaine and Anderline', 100),
(1685, 'Im Maxolon', 45),
(1686, 'Im Mesporin 250mg', 40),
(1687, 'Im Mesporin 500mg', 10),
(1688, 'im Nexium', 25),
(1689, 'Im Nospa 20mg', 20),
(1690, 'Im Oxytocin', 45),
(1691, 'Im Pabrinex I&II', 70),
(1692, 'Im Pethedine 100mg', 70),
(1693, 'Im Phenegan', 70),
(1694, 'Im Pregynl 500iu', 100),
(1695, 'Im Primolut 250mg', 100),
(1696, 'Im Progestrone 100mg', 75),
(1697, 'Im Progynon 10mg', 95),
(1698, 'Im Suprecur', 60),
(1699, 'Im Suxemethonium', 5),
(1700, 'Im Tetanol', 80),
(1701, 'Im Tramadol 100mg', 85),
(1702, 'Im Traxenamic Acid 100mg', 35),
(1703, 'Im Vecuronoium', 75),
(1704, 'Im Vitamin K', 70),
(1705, 'Inj  Zoladex', 100),
(1706, 'Iv Ciprofloxacin 200mg', 55),
(1707, 'Iv Dextrose', 60),
(1708, 'Iv Dextrose Paed', 80),
(1709, 'Iv Dextrose Saline', 55),
(1710, 'Iv Flagyl 500mg', 100),
(1711, 'Iv Haemacell', 15),
(1712, 'Iv Meronem 500mg', 20),
(1713, 'Iv Mesporin 250mg', 55),
(1714, 'Iv Mesporin 500mg', 50),
(1715, 'Iv Normal Saline', 45),
(1716, 'IV Propofol', 60),
(1717, 'Iv Quinine 300mg', 5),
(1718, 'Iv Ringers Lactate', 45),
(1719, 'IV Rocephin 1g', 20),
(1720, 'Iv Tavanic 500mg', 60),
(1721, 'Iv Thiopental 1g', 35),
(1722, 'Iv Zithromax 500mg', 25),
(1723, 'Lidocaine Gel', 70),
(1724, 'M&G Multivitamin', 15),
(1725, 'Maxidex Eye Drops', 60),
(1726, 'Methyl Salicilate Oint.', 25),
(1727, 'Mixtard Insulin 30', 45),
(1728, 'Neo-Hycolex E\\E\\N Drops', 50),
(1729, 'Neo Penotran Forte', 40),
(1730, 'Normal Saline Nasal drops', 60),
(1731, 'O.R.S', 90),
(1732, 'Olfen Gel', 50),
(1733, 'Sublingual Nifidipine 10mg', 5),
(1734, 'Supiricon Cream', 90),
(1735, 'Supp Annusol', 100),
(1736, 'Supp Diclofenac 100mg', 5),
(1737, 'Supp Plasmotium 200mg', 15),
(1738, 'Supp Plasmotrium 50mg', 85),
(1739, 'Supp P''mol 125mg', 55),
(1740, 'Supp P''mol 1g', 15),
(1741, 'Supp P''mol 250mg', 15),
(1742, 'Supp P''mol 500mg', 55),
(1743, 'Supp Prontogest 400mg', 55),
(1744, 'Supp Scheriproct', 95),
(1745, 'Supp Utrogestan 200mg', 15),
(1746, 'Susp Amoksiclav 457mg', 45),
(1747, 'Susp Amoxyl 125m5', 35),
(1748, 'Susp Antacid Plus', 85),
(1749, 'Susp Augmentin 228mg', 30),
(1750, 'Susp Camoquine Plus', 90),
(1751, 'Susp Fleming 228mg', 30),
(1752, 'Susp Flucloxacillin', 100),
(1753, 'Susp Fleming Drops', 95),
(1754, 'Susp Gvither', 35),
(1755, 'Susp Lonart', 70),
(1756, 'Susp Maalox', 100),
(1757, 'Susp Vermox', 75),
(1758, 'Susp Zinnat 125mg', 15),
(1759, 'Susp Zithromax 200mg', 60),
(1760, 'Susp Z''max 2g', 90),
(1761, 'Symbicort Inhaler', 45),
(1762, 'Syrp Aerius', 90),
(1763, 'Syrp Benylin with Codein', 95),
(1764, 'Syrp Bioferon', 25),
(1765, 'Syrp Bonnisan', 50),
(1766, 'Syrp Calpol', 20),
(1767, 'Syrp Citrizine 5mg', 80),
(1768, 'Syrp ferozin', 70),
(1769, 'Syrp Flagyl', 75),
(1770, 'Syrp Fleming infant', 95),
(1771, 'Syrp Kofol', 40),
(1772, 'Syrp Lactulose', 80),
(1773, 'Syrp Lexofen', 55),
(1774, 'Syrp Menthodex', 30),
(1775, 'Syrp Metrolex-F', 50),
(1776, 'Syrp Nugel-O', 25),
(1777, 'Syrp P''mol 125mg', 25),
(1778, 'Syrp Rhinathiol Adult', 20),
(1779, 'Syrp Rhinathiol Paed', 100),
(1780, 'Syrp Septrin 240mg', 65),
(1781, 'Syrp Seven Seas multivitamin', 70),
(1782, 'Syrp Ventolin', 45),
(1783, 'Syrp Vitamin C', 45),
(1784, 'Syrp Zentel', 75),
(1785, 'Syrp Zincovit', 15),
(1786, 'Tab Aciclovir 200mg', 70),
(1787, 'Tab Addyzoa', 80),
(1788, 'Tab Allupurinol 300mg', 75),
(1789, 'Tab Amoksiclav 1g', 20),
(1790, 'Tab Amoksiclav 625mg', 80),
(1791, 'Tab Amtripthline 25mg', 20),
(1792, 'Tab Atacand Plus', 60),
(1793, 'Tab Atenolol', 65),
(1794, 'Tab Avomine 25mg', 55),
(1795, 'Tab Bendro', 45),
(1796, 'Tab Brufen', 35),
(1797, 'Tab Buscopan 10mg', 10),
(1798, 'Tab Cataflan 50mg', 40),
(1799, 'Tab Cefix 200mg', 75),
(1800, 'Tab Ciprolex 500mg', 5),
(1801, 'Tab Cipro-TZ', 15),
(1802, 'Tab Citrizine 10mg', 80),
(1803, 'Tab Crestor 10mg', 85),
(1804, 'Tab Clomid 50mg', 5),
(1805, 'Tab Coartem', 65),
(1806, 'Tab Codiovan 160/12.5MG', 90),
(1807, 'Tab Codiovan80/12.5MG', 100),
(1808, 'Tab Confido', 70),
(1809, 'Tab Co-Trimaxole 480mg', 25),
(1810, 'Tab Cytotec 200mg', 40),
(1811, 'Tab Daflon 500mg', 95),
(1812, 'Tab Daonil 5mg', 80),
(1813, 'Tab Daraprim', 50),
(1814, 'Tab Diazepam 5mg', 5),
(1815, 'Tab Diclofenac', 40),
(1816, 'Tab Decatylen Lozenges', 95),
(1817, 'Tab Dilatrend 25mg', 85),
(1818, 'Tab Dostinex 0.5mg', 50),
(1819, 'Tab Evanova', 5),
(1820, 'Tab Evecare', 90),
(1821, 'Tab Exforge', 85),
(1822, 'Tab Fenpar', 95),
(1823, 'Tab Ferrous Sulphate', 85),
(1824, 'Tab Flagentyl 500mg', 70),
(1825, 'Tab Flagyl 200mg', 85),
(1826, 'Tab Flex-It', 55),
(1827, 'Tab Folic Acid', 10),
(1828, 'Tab Forever  Mult  Maca', 70),
(1829, 'Tab Forever Pro 6', 20),
(1830, 'Tab Fromilid 500mg', 60),
(1831, 'Tab Furosemide 40mg', 60),
(1832, 'Tab Glizone 15mg', 15),
(1833, 'Tab Glucophage', 100),
(1834, 'Tab Greseofulvin 125mg', 25),
(1835, 'Tab Hypnodid', 55),
(1836, 'Tab Ideos', 20),
(1837, 'Tab Legalon 70mg', 75),
(1838, 'Tab Lescol 80mg', 65),
(1839, 'Tab Lexotanil 1.5mg', 10),
(1840, 'Tab Lipitor 10mg', 75),
(1841, 'Tab Lisinopril', 50),
(1842, 'Tab Liv 52', 100),
(1843, 'Tab Lonart Forte', 55),
(1844, 'Tab Lumartem', 100),
(1845, 'Tab M2 Tone', 35),
(1846, 'Tab Maalox', 70),
(1847, 'Tab Metakelfin 500mg', 40),
(1848, 'Tab Metoclopramide 10mg', 100),
(1849, 'Tab Multivitamin', 50),
(1850, 'Tab Naproxen 500mg', 100),
(1851, 'Tab Nature Min', 45),
(1852, 'Tab Netab Pro', 10),
(1853, 'Tab Nexium', 20),
(1854, 'Tab Nifecard XL 30mg', 100),
(1855, 'Tab Nifedipine R 20mg', 20),
(1856, 'Tab Nimesulide 100mg', 90),
(1857, 'Tab Norvasc', 85),
(1858, 'Tab Nospa 40mg', 45),
(1859, 'Tab Osteovite', 55),
(1860, 'Tab Parlodel 2.5mg', 15),
(1861, 'Tab Pariet 20mg', 85),
(1862, 'Tab Phenobarbitone 60mg', 95),
(1863, 'Tab Primolut N', 95),
(1864, 'Tab Prowoman', 15),
(1865, 'Tab Phlebodia 600mg', 25),
(1866, 'Tab Piriton', 85),
(1867, 'Tab Plendil 10mg', 90),
(1868, 'Tab P''mol 500mg', 70),
(1869, 'Tab Prendisolone 5mg', 100),
(1870, 'Tab Progynova 2mg(20''s)', 40),
(1871, 'Tab Progynova 2mg(84''s)', 55),
(1872, 'Tab Propanolol 40mg', 35),
(1873, 'Tab Provera 5mg', 5),
(1874, 'Tab Quinine 300mg', 65),
(1875, 'Tab Salbutamol 4mg', 10),
(1876, 'Tab Secnidazole 1g', 95),
(1877, 'Tab Secure', 20),
(1878, 'Tab Soluble Aspirin', 60),
(1879, 'Tab Speman', 20),
(1880, 'Tab Tavanic', 80),
(1881, 'Tab Tenox', 5),
(1882, 'Tab Traxenamic Acid 100mg', 20),
(1883, 'Tab  Tylenol pm', 60),
(1884, 'Tab Tylenol Adult', 15),
(1885, 'Tab Tylenol Paed', 60),
(1886, 'Tab Vermox 500mg', 75),
(1887, 'Tab Vitafol', 60),
(1888, 'Tab Vitamin B''complex', 35),
(1889, 'Tab Vitamin B-Denk', 40),
(1890, 'Tab Viagra  50mg', 90),
(1891, 'Tab Vitamin C 500mg', 15),
(1892, 'Tab Zinnat', 45),
(1893, 'Ventolin Inhaler', 15),
(1894, 'Ventolin Nebules', 45),
(1895, 'Water for Injection', 5),
(1896, 'Xylo Mepha nasal drops', 5),
(1897, 'Emofluor Mouthwash', 80);

-- --------------------------------------------------------

--
-- Table structure for table `units`
--

CREATE TABLE IF NOT EXISTS `units` (
  `unitid` int(11) NOT NULL AUTO_INCREMENT,
  `unitname` varchar(200) NOT NULL,
  PRIMARY KEY (`unitid`)
) ENGINE=MyISAM  DEFAULT CHARSET=latin1 AUTO_INCREMENT=9 ;

--
-- Dumping data for table `units`
--

INSERT INTO `units` (`unitid`, `unitname`) VALUES
(3, 'OPD'),
(4, 'Pharmacy'),
(5, 'Laboratory'),
(8, 'Accounts'),
(7, 'Records');

-- --------------------------------------------------------

--
-- Table structure for table `visitationtable`
--

CREATE TABLE IF NOT EXISTS `visitationtable` (
  `visitid` int(11) NOT NULL AUTO_INCREMENT,
  `patientid` varchar(100) NOT NULL,
  `date` date DEFAULT NULL,
  `vitals` varchar(500) DEFAULT NULL,
  `doctor` varchar(100) DEFAULT NULL,
  `status` varchar(20) DEFAULT NULL,
  `patientstatus` varchar(255) DEFAULT NULL,
  `admissiondate` date DEFAULT NULL,
  `dischargedate` date DEFAULT NULL,
  `previouslocstion` varchar(255) DEFAULT NULL,
  PRIMARY KEY (`visitid`)
) ENGINE=MyISAM  DEFAULT CHARSET=latin1 AUTO_INCREMENT=129 ;

--
-- Dumping data for table `visitationtable`
--

INSERT INTO `visitationtable` (`visitid`, `patientid`, `date`, `vitals`, `doctor`, `status`, `patientstatus`, `admissiondate`, `dischargedate`, `previouslocstion`) VALUES
(2, 'PAT-006', NULL, NULL, NULL, 'OPD', 'Out Patient', NULL, NULL, NULL),
(3, 'PAT-006', '2012-03-31', '', '', 'OPD', 'Out Patient', NULL, NULL, NULL),
(4, 'FIN0023', '2012-04-03', 'hb - 24\r\ntemperature - 18', NULL, 'Room 1', 'Out Patient', NULL, NULL, NULL),
(5, 'FIN0023', '2012-05-30', NULL, NULL, 'Pharmacy', 'Out Patient', NULL, NULL, NULL),
(6, 'FIN0023', '2012-05-30', NULL, NULL, 'Pharmacy', 'Out Patient', NULL, NULL, NULL),
(7, 'FIN0023', '2012-05-30', NULL, NULL, 'Laboratory', 'Out Patient', NULL, NULL, NULL),
(8, 'PAT-003', '2012-05-30', NULL, NULL, 'Male Ward', 'Out Patient', NULL, NULL, NULL),
(9, 'PAT-003', '2012-05-30', NULL, NULL, 'Room 1', 'Out Patient', NULL, NULL, NULL),
(10, 'PAT-003', '2012-05-30', NULL, NULL, 'Pharmacy', 'Out Patient', NULL, NULL, NULL),
(11, 'PAT-003', '2012-05-30', NULL, NULL, 'Room 1', 'Out Patient', NULL, NULL, NULL),
(12, 'FIN0023', '2012-05-30', NULL, NULL, 'Pharmacy', 'Out Patient', NULL, NULL, NULL),
(13, 'FIN0023', '2012-05-30', NULL, NULL, 'Laboratory', 'Out Patient', NULL, NULL, NULL),
(14, 'PAT-003', '2012-06-13', NULL, NULL, 'OPD', 'Out Patient', NULL, NULL, NULL),
(15, 'PAT-005', '2012-06-13', NULL, NULL, 'OPD', 'Out Patient', NULL, NULL, NULL),
(20, 'PAT-003', '2012-06-15', '37.963.45''860119', NULL, 'Room 1', 'Out Patient', NULL, NULL, NULL),
(19, 'PAT-034', '2012-06-14', NULL, NULL, 'OPD', 'Out Patient', NULL, NULL, NULL),
(21, 'FIN0023', '2012-06-15', '36.7120.04''52080', NULL, 'Room 1', 'Out Patient', NULL, NULL, NULL),
(22, 'PAT-003', '2012-06-16', 'Temperature: 39.9 - Weight: 63.5 - Height: 5''7 - Blood Pressure: 80 - Pulse: 120\n', NULL, 'Room 1', 'Out Patient', NULL, NULL, NULL),
(23, 'PAT-003', '2012-06-16', NULL, NULL, 'OPD', 'Out Patient', NULL, NULL, NULL),
(24, 'PAT-003', '2012-06-16', NULL, NULL, 'OPD', 'Out Patient', NULL, NULL, NULL),
(25, 'PAT-003', '2012-06-16', NULL, NULL, 'Accounts', 'Out Patient', NULL, NULL, NULL),
(26, 'PAT-034', '2012-06-16', NULL, NULL, 'OPD', 'Out Patient', NULL, NULL, NULL),
(27, 'PAT-034', '2012-06-16', NULL, NULL, 'Laboratory', 'Out Patient', NULL, NULL, NULL),
(28, 'PAT-003', '2012-06-16', 'Temperature: 0.0 - Weight: 0.0 - Height: 0.0 - Blood Pressure: 0 - Pulse: 0\n', NULL, 'Room 1', 'Out Patient', NULL, NULL, NULL),
(29, 'PAT-003', '2012-06-16', NULL, NULL, 'OPD', 'Out Patient', NULL, NULL, NULL),
(30, 'PAT-003', '2012-06-16', NULL, NULL, 'OPD', 'Out Patient', NULL, NULL, NULL),
(31, 'PAT-003', '2012-06-19', 'Temperature: 37.8 - Weight: 63.8 - Height: 5''8 - Blood Pressure: 120/70 - Pulse: 120\n', NULL, 'Room 1', 'Out Patient', NULL, NULL, NULL),
(32, 'PAT-003', '2012-06-20', 'Temperature: 0.0 - Weight: 0.0 - Height: 0.0 - Blood Pressure: 0 - Pulse: 0\n', NULL, 'Room 1', 'Out Patient', NULL, NULL, NULL),
(33, 'FIN0023', '2012-06-21', 'Temperature: 37.2 - Weight: 63.4 - Height: 5''8 - Blood Pressure: 110/70 - Pulse: 120\n', NULL, 'Room 1', 'Out Patient', NULL, NULL, NULL),
(34, 'PAT-034', '2012-07-04', 'Temperature:  - Weight:  - Height:  - Blood Pressure:  - Pulse: \n', NULL, 'Room 1', 'Out Patient', NULL, NULL, NULL),
(35, 'PAT-003', '2012-07-06', 'Temperature: 0.0 - Weight: 0.0 - Height: 0.0 - Blood Pressure: 0.0 - Pulse: \r\nTemperature: 37.8 - Weight: 63.5 - Height: 5''7 - Blood Pressure: 90 - Pulse: 80/120\r\n', NULL, 'Pharmacy', 'Out Patient', NULL, NULL, NULL),
(36, 'PAT-003', '2012-07-10', 'Temperature: 37.9 - Weight: 65.4 - Height: 5''8 - Blood Pressure: 120 - Pulse: 80\r\n', NULL, 'Pharmacy', 'Out Patient', NULL, NULL, NULL),
(37, 'PAT-003', '2012-07-10', 'Temperature: 37.9 - Weight: 64.8 - Height: 5''8 - Blood Pressure: 120 - Pulse: 80\n', NULL, 'Room 1', 'Out Patient', NULL, NULL, NULL),
(38, 'PAT-003', '2012-07-11', 'Temperature: 33.9 - Weight: 45.5 - Height: 5''7 - Blood Pressure: 80 - Pulse: 60\r\n', NULL, 'Pharmacy', 'Out Patient', NULL, NULL, NULL),
(39, 'PAT-005', '2012-07-12', 'Temperature: 37.8 - Weight: 64.3 - Height: 5''7 - Blood Pressure: 120 - Pulse: 80\r\n', NULL, 'Pharmacy', 'Out Patient', NULL, NULL, NULL),
(40, 'FIN0023', '2012-07-14', 'Temperature: 38.9 - Weight: 64.6 - Height: 5''8 - Blood Pressure: 120 - Pulse: 80\r\n', NULL, 'Pharmacy', 'Out Patient', NULL, NULL, NULL),
(41, 'FIN0023', '2012-07-14', 'Temperature: 0.0 - Weight: 0.0 - Height: 0.0 - Blood Pressure: 0 - Pulse: 0\r\n', NULL, 'Records', 'Out Patient', NULL, NULL, NULL),
(42, 'FIN0023', '2012-07-14', 'Temperature: 37.8 - Weight: 65.4 - Height: 5''8 - Blood Pressure: 120 - Pulse: 80\r\n', NULL, 'Pharmacy', 'Out Patient', NULL, NULL, NULL),
(43, 'PAT-034', '2012-07-14', 'Temperature: 3 - Weight: 3 - Height: 3 - Blood Pressure: 3 - Pulse: 3\n', NULL, 'Room 1', 'Out Patient', NULL, NULL, NULL),
(44, 'PAT-034', '2012-07-15', 'Temperature: 77 - Weight: 8 - Height: 8 - Blood Pressure: 8 - Pulse: 8\n', NULL, 'Room 1', 'Out Patient', NULL, NULL, NULL),
(45, 'PAT-005', '2012-07-16', 'Temperature: 2 - Weight: 2 - Height: 2 - Blood Pressure: 2 - Pulse: 2\r\n', NULL, 'Laboratory', 'Out Patient', NULL, NULL, NULL),
(46, 'FIN0023', '2012-07-17', 'Temperature: 2.3 - Weight: 12 - Height: 12 - Blood Pressure: 2 - Pulse: 12\r\n', NULL, 'Laboratory', 'Out Patient', NULL, NULL, NULL),
(47, 'PAT-034', '2012-07-23', NULL, NULL, 'OPD', 'Out Patient', NULL, NULL, NULL),
(48, 'FIN0023', '2012-07-24', 'Temperature: 1 - Weight: 2 - Height: 2 - Blood Pressure: 2 - Pulse: 2\n', NULL, 'Room 1', 'Out Patient', NULL, NULL, NULL),
(49, 'FIN0023', '2012-07-24', 'Temperature:  - Weight:  - Height:  - Blood Pressure:  - Pulse: \n', NULL, 'Room 1', 'Out Patient', NULL, NULL, NULL),
(50, 'PAT-034', '2012-07-25', 'Temperature:  - Weight:  - Height:  - Blood Pressure:  - Pulse: \r\n\r\n                        \r\n                ', NULL, 'Laboratory', 'Out Patient', NULL, NULL, NULL),
(51, 'FIN0023', '2012-07-25', 'Temperature:  - Weight:  - Height:  - Blood Pressure:  - Pulse: \r\n\r\n                        \r\n                ', NULL, 'Pharmacy', 'Out Patient', NULL, NULL, NULL),
(52, 'FIN0023', '2012-07-25', 'Temperature: 12 - Weight: 12 - Height: 12 - Blood Pressure: 12 - Pulse: 31\r\n\r\n                        \r\n                ', NULL, 'Laboratory', 'Out Patient', NULL, NULL, NULL),
(53, 'PAT123', '2012-07-25', NULL, NULL, 'OPD', 'Out Patient', NULL, NULL, NULL),
(54, 'pat123', '2012-07-31', NULL, NULL, 'Pharmacy', 'Out Patient', NULL, NULL, NULL),
(55, 'pat123', '2012-07-31', 'Temperature: 127 - Weight: 67 - Height: 76 - Blood Pressure: 7 - Pulse: 76\r\n\r\n                        \r\n                ', NULL, 'Laboratory', 'Out Patient', NULL, NULL, NULL),
(56, 'pat123', '2012-07-31', NULL, NULL, 'Pharmacy', 'Out Patient', NULL, NULL, NULL),
(57, 'pat123', '2012-07-31', 'Temperature:  - Weight:  - Height:  - Blood Pressure:  - Pulse: \n', NULL, 'Room 1', 'Out Patient', NULL, NULL, NULL),
(58, 'pat123', '2012-07-31', NULL, NULL, 'Laboratory', 'Out Patient', NULL, NULL, NULL),
(59, 'pat123', '2012-07-31', NULL, NULL, 'Laboratory', 'Out Patient', NULL, NULL, NULL),
(60, 'pat123', '2012-08-01', NULL, NULL, 'Pharmacy', 'Out Patient', NULL, NULL, NULL),
(61, 'FIN0023', '2012-08-01', 'Temperature: 65 - Weight: 6 - Height: 6 - Blood Pressure: 7 - Pulse: 76\r\n\r\n                        \r\n                ', NULL, 'Pharmacy', 'Out Patient', NULL, NULL, NULL),
(62, 'pat-034', '2012-08-02', 'Temperature: 12 - Weight: 12 - Height: 12 - Blood Pressure: 13 - Pulse: 12\r\n\r\n                        \r\n                ', NULL, 'Accounts', 'Out Patient', NULL, NULL, NULL),
(63, 'pat-003', '2012-08-02', 'Temperature: 7 - Weight: 7 - Height: 7 - Blood Pressure: 7 - Pulse: 7\r\n\r\n                        \r\n                ', NULL, 'Pharmacy', 'Out Patient', NULL, NULL, NULL),
(64, 'pat-003', '2012-08-02', 'Temperature: 1 - Weight: 1 - Height: 1 - Blood Pressure: 1 - Pulse: 1\r\n\r\n                        \r\n                ', NULL, 'OPD', 'Out Patient', NULL, NULL, NULL),
(65, 'FIN0023', '2012-08-02', 'Temperature: 37.3 - Weight: 63.4 - Height: 5''7 - Blood Pressure: 80 - Pulse: 120\r\n\r\n                        \r\n                \r\n                        \r\n                ', NULL, 'Pharmacy', 'Out Patient', NULL, NULL, NULL),
(66, 'PAT-006', '2012-08-02', 'Temperature: 37.3 - Weight: 63.4 - Height: 5''7 - Blood Pressure: 80 - Pulse: 120\r\n\r\n                        \r\n                ', NULL, 'Accounts', 'Out Patient', NULL, NULL, NULL),
(67, 'PAT-006', '2012-08-02', NULL, NULL, 'OPD', 'Out Patient', NULL, NULL, NULL),
(68, 'pat-003', '2012-08-02', NULL, NULL, 'Pharmacy', 'Out Patient', NULL, NULL, NULL),
(69, 'FIN0023', '2012-08-02', NULL, NULL, 'Laboratory', 'Out Patient', NULL, NULL, NULL),
(70, 'pat123', '2012-08-02', 'Temperature:  - Weight:  - Height:  - Blood Pressure:  - Pulse: \n', NULL, 'Room 1', 'Out Patient', NULL, NULL, NULL),
(71, 'Eben123', '2012-08-02', 'Temperature: 12 - Weight: 13 - Height: 14 - Blood Pressure: 6 - Pulse: 15\n', NULL, 'Room 1', 'Out Patient', NULL, NULL, NULL),
(72, 'hghad', '2012-08-02', 'Temperature: 1 - Weight: 1 - Height: 1 - Blood Pressure: 1 - Pulse: 1\n', '', 'Room 1', 'Out Patient', NULL, NULL, NULL),
(73, 'hghad', '2012-08-02', NULL, NULL, 'OPD', 'Out Patient', NULL, NULL, NULL),
(74, 'pat123', '2012-08-03', 'Temperature: 2 - Weight: 2 - Height: 2 - Blood Pressure: 2 - Pulse: 2\r\n\r\n                        \r\n                ', NULL, 'Records', 'Out Patient', NULL, NULL, NULL),
(75, 'pat-003', '2012-08-03', 'Temperature: 2 - Weight: 2 - Height: 2 - Blood Pressure: 2 - Pulse: 2\r\n\r\n                        \r\n                \r\n                        \r\n                \r\n                        \r\n                ', NULL, 'Accounts', 'Out Patient', NULL, NULL, NULL),
(76, 'SMDP001', '2012-08-03', 'Temperature: 12 - Weight: 12 - Height: 12 - Blood Pressure: 12 - Pulse: 12\r\n\r\n                        \r\n                ', '', 'Laboratory', 'Out Patient', NULL, NULL, NULL),
(77, 'SMDP001', '2012-08-03', 'Temperature: 38.8 - Weight: 65.3 - Height: 5''8 - Blood Pressure: 80 - Pulse: 120\r\n\r\n                        \r\n                ', NULL, 'Laboratory', 'Out Patient', NULL, NULL, NULL),
(81, 'SMDP001', '2012-08-03', 'Temperature:  - Weight:  - Height:  - Blood Pressure:  - Pulse: \r\n\r\n                        \r\n                ', NULL, 'Accounts', 'Out Patient', NULL, NULL, NULL),
(80, 'SMDP001', '2012-08-03', 'Temperature: 38.8 - Weight: 67.4 - Height: 5''6 - Blood Pressure: 80 - Pulse: 120\r\n\r\n                        \r\n                ', NULL, 'Accounts', 'Out Patient', NULL, NULL, NULL),
(82, 'SMDP001', '2012-08-03', 'Temperature:  - Weight:  - Height:  - Blood Pressure:  - Pulse: \r\n\r\n                        \r\n                ', NULL, 'Laboratory', 'Out Patient', NULL, NULL, NULL),
(83, 'SMDP001', '2012-08-03', 'Temperature:  - Weight:  - Height:  - Blood Pressure:  - Pulse: \n', NULL, 'Room 1', 'Out Patient', NULL, NULL, NULL),
(95, 'MON12', '2012-08-06', '', '', 'OPD', 'Out Patient', NULL, NULL, NULL),
(96, 'pat1001', '2012-08-07', 'Temperature: 12 - Weight: 12 - Height: 12 - Blood Pressure: 12 - Pulse: 12\r\n\r\n                        \r\n                \r\n                        \r\n                ', NULL, 'Records', 'Out Patient', NULL, NULL, NULL),
(93, 'pat1001', '2012-08-06', NULL, NULL, 'OPD', 'Out Patient', NULL, NULL, NULL),
(91, 'pat1001', '2012-08-06', NULL, NULL, 'OPD', 'Out Patient', NULL, NULL, NULL),
(92, 'pat123', '2012-08-06', NULL, NULL, 'OPD', 'Out Patient', NULL, NULL, NULL),
(89, 'pat1001', '2012-08-06', 'Temperature: 12 - Weight: 12 - Height: 12 - Blood Pressure: 12 - Pulse: 12\n', NULL, 'Room 1', 'Out Patient', NULL, NULL, NULL),
(97, 'MON12', '2012-08-07', 'Temperature: 12 - Weight: 12 - Height: 12 - Blood Pressure: 12 - Pulse: 12\r\n\r\n                        \r\n                ', NULL, 'Records', 'Out Patient', NULL, NULL, NULL),
(119, 'PAT-034', '2012-08-07', 'Temperature: 12 - Weight: 12 - Height: 12 - Blood Pressure: 12 - Pulse: 12\n', NULL, 'Room 1', 'Out Patient', NULL, NULL, NULL),
(109, 'PAT 0101', '2012-08-07', '', '', 'OPD', 'Out Patient', NULL, NULL, NULL),
(110, 'PAT O102', '2012-08-07', '', '', 'OPD', 'Out Patient', NULL, NULL, NULL),
(111, 'pat o102', '2012-08-07', NULL, NULL, 'OPD', 'Out Patient', NULL, NULL, NULL),
(112, 'PAT 10011', '2012-08-07', '', '', 'OPD', 'Out Patient', NULL, NULL, NULL),
(113, 'pat1001', '2012-08-07', 'Temperature:  - Weight:  - Height:  - Blood Pressure:  - Pulse: \n', NULL, 'Room 1', 'Out Patient', NULL, NULL, NULL),
(108, 'PAT 0100', '2012-08-07', '', '', 'OPD', 'Out Patient', NULL, NULL, NULL),
(120, 'pat1001', '2012-08-12', 'Temperature: 23 - Weight: 23 - Height: 23 - Blood Pressure: 23 - Pulse: 23\r\n\r\n                        \r\n                ', NULL, 'Accounts', 'Out Patient', NULL, NULL, 'Accounts'),
(126, 'TEST1', '2012-08-13', 'Temperature: 12 - Weight: 12 - Height: 12 - Blood Pressure: 12 - Pulse: 12\r\n\r\n                        \r\n                \r\n                        \r\n                ', '', 'Male ward', 'In Patient', '2012-08-13', NULL, 'Male ward'),
(123, 'PAT123', '2012-08-13', 'Temperature: 12 - Weight: 12 - Height: 12 - Blood Pressure: 12 - Pulse: 12\r\n\r\n                        \r\n                ', NULL, 'Room 1', 'Out Patient', NULL, NULL, 'Room 1'),
(128, 'TEST1', '2012-08-14', 'Temperature: 12 - Weight: 12 - Height: 12 - Blood Pressure: 12 - Pulse: 12\r\n\r\n                        \r\n                \r\n                        \r\n                \r\n                        \r\n                ', NULL, 'Male Ward', 'In Patient', '2012-08-14', NULL, 'Pharmacy');

-- --------------------------------------------------------

--
-- Table structure for table `ward`
--

CREATE TABLE IF NOT EXISTS `ward` (
  `wardid` int(11) NOT NULL AUTO_INCREMENT,
  `wardname` varchar(255) NOT NULL,
  `numberofbeds` int(11) NOT NULL DEFAULT '0',
  `occupied` int(11) NOT NULL DEFAULT '0',
  PRIMARY KEY (`wardid`)
) ENGINE=MyISAM  DEFAULT CHARSET=latin1 AUTO_INCREMENT=4 ;

--
-- Dumping data for table `ward`
--

INSERT INTO `ward` (`wardid`, `wardname`, `numberofbeds`, `occupied`) VALUES
(1, 'Male ward', 25, 0),
(2, 'Female Ward', 25, 0),
(3, 'Children Ward', 25, 0);

-- --------------------------------------------------------

--
-- Table structure for table `wardnote`
--

CREATE TABLE IF NOT EXISTS `wardnote` (
  `noteid` int(11) NOT NULL AUTO_INCREMENT,
  `wardid` int(11) NOT NULL,
  `nurseid` varchar(255) DEFAULT NULL,
  `note` text NOT NULL,
  `date` date NOT NULL,
  PRIMARY KEY (`noteid`)
) ENGINE=MyISAM DEFAULT CHARSET=latin1 AUTO_INCREMENT=1 ;

--
-- Dumping data for table `wardnote`
--

